City,Percent Communities of Concern,Number Underserved Communities,Average BNA,BNA Underserved Communities,BNA Gap,BNA Tier,BNA Target,Distance,BNA Points.1,ACS Bike-to-Work Mode Share Men,ACS Bike-to-Work Mode Share Women,ACS Gap,ACS Tier,ACS_Target,Distance.1,ACS Points,Total Reach Points
"SPRINGDALE, AR",13.4,9,19.2,33.9,-14.7,3.0,-15.0,0.3,4.9,0.01,0.0,0.01,1.0,-0.02,0.03,1.0,4.0
"ENID, OK",14.6,6,54.7,77.0,-22.4,1.0,-25.0,2.6,4.7,0.01,0.0,0.01,2.0,-0.05,0.06,1.2,3.8
"DUBUQUE, IA",7.6,5,22.2,38.8,-16.6,2.0,-20.0,3.4,4.5,0.0,0.0,0.0,1.0,-0.02,0.02,1.7,3.8
"SOUTH BEND, IN",17.8,24,36.0,51.0,-15.0,1.0,-25.0,10.0,4.0,0.02,0.01,0.02,3.0,-0.6,0.62,3.1,3.7
"CRESTED BUTTE, CO",0.0,0,27.4,,,,,,,0.36,0.52,-0.16,3.0,-0.6,0.44,3.6,3.6
"KALAMAZOO, MI",21.2,21,37.3,49.9,-12.6,1.0,-25.0,12.4,3.7,0.02,0.0,0.02,3.0,-0.6,0.62,3.1,3.6
"SPRINGFIELD, MO",8.6,12,25.0,40.2,-15.2,2.0,-20.0,4.8,4.2,0.01,0.0,0.01,2.0,-0.05,0.06,1.3,3.5
"SAN JUAN CAPISTRANO, CA",8.9,4,11.7,22.6,-11.0,3.0,-15.0,4.0,4.3,0.02,0.0,0.02,2.0,-0.05,0.07,0.8,3.4
"CHARLOTTESVILLE, VA",11.9,5,15.3,21.7,-6.4,3.0,-15.0,8.6,3.4,0.05,0.03,0.02,3.0,-0.6,0.62,3.1,3.3
"BENTONVILLE, AR",6.6,4,21.9,35.8,-13.9,2.0,-20.0,6.1,4.0,0.01,0.0,0.0,1.0,-0.02,0.02,1.2,3.3
"WAUSAU, WI",13.0,6,35.7,49.3,-13.6,1.0,-25.0,11.4,3.8,0.01,0.0,0.01,2.0,-0.05,0.06,1.5,3.2
"MEDFORD, OR",5.8,3,26.0,35.2,-9.2,2.0,-20.0,10.8,3.3,0.03,0.01,0.03,3.0,-0.6,0.63,3.0,3.2
"LEWISTON, ME",12.0,3,35.9,50.2,-14.3,1.0,-25.0,10.7,3.9,0.01,0.0,0.01,2.0,-0.05,0.06,1.3,3.2
"ARCATA, CA",0.0,0,45.4,,,,,,,0.06,0.07,-0.01,3.0,-0.6,0.59,3.2,3.2
"JACKSON, WY",10.0,1,67.2,64.8,2.4,,,,,0.04,0.05,-0.01,3.0,-0.6,0.59,3.2,3.2
"MARQUETTE, MI",7.1,2,56.2,25.9,30.3,,,,,0.02,0.03,-0.01,3.0,-0.6,0.59,3.2,3.2
"PIERRE, SD",30.8,4,34.3,44.6,-10.3,1.0,-25.0,14.7,3.5,0.0,0.0,0.0,1.0,-0.02,0.02,2.2,3.1
"LOMPOC, CA",27.8,10,57.3,71.8,-14.5,1.0,-25.0,10.5,3.9,0.02,0.0,0.02,2.0,-0.05,0.07,0.8,3.1
"MIDDLEBURY, VT",20.0,1,37.2,41.6,-4.4,,,,,0.03,0.04,0.0,3.0,-0.6,0.6,3.1,3.1
"FORT WAYNE, IN",16.9,38,30.6,43.2,-12.6,1.0,-25.0,12.4,3.7,0.01,0.0,0.0,1.0,-0.02,0.02,1.3,3.1
"JUNEAU, AK",9.1,2,34.4,19.0,15.4,,,,,0.02,0.01,0.0,3.0,-0.6,0.6,3.1,3.1
"WHEAT RIDGE, CO",3.0,2,11.7,5.9,5.8,,,,,0.02,0.01,0.01,3.0,-0.6,0.61,3.1,3.1
"KAILUA, HI",6.3,1,21.0,9.2,11.8,,,,,0.03,0.02,0.01,3.0,-0.6,0.61,3.1,3.1
"COEUR D'ALENE, ID",5.6,2,7.1,7.0,0.1,,,,,0.02,0.01,0.01,3.0,-0.6,0.61,3.1,3.1
"SOUTH BURLINGTON, VT",10.0,2,20.6,27.6,-7.0,,,,,0.03,0.01,0.01,3.0,-0.6,0.61,3.1,3.1
"STILLWATER, OK",5.9,2,27.9,23.4,4.5,,,,,0.03,0.02,0.01,3.0,-0.6,0.61,3.1,3.1
"RAPID CITY, SD",13.8,9,27.5,39.3,-11.8,1.0,-25.0,13.2,3.6,0.01,0.0,0.0,1.0,-0.02,0.02,1.5,3.1
"MANHATTAN, KS",4.9,2,36.6,5.7,31.0,,,,,0.03,0.02,0.01,3.0,-0.6,0.61,3.1,3.1
"MONTPELIER, VT",0.0,0,15.8,,,,,,,0.02,0.01,0.01,3.0,-0.6,0.61,3.1,3.1
"CARPINTERIA, CA",8.3,1,24.9,35.1,-10.3,,,,,0.03,0.02,0.01,3.0,-0.6,0.61,3.1,3.1
"MISSOULA, MT",5.9,4,26.9,33.7,-6.9,1.0,-25.0,18.1,3.1,0.1,0.05,0.04,3.0,-0.6,0.64,3.0,3.1
"WAUKESHA, WI",12.0,10,39.7,50.3,-10.6,1.0,-25.0,14.4,3.5,0.0,0.0,0.0,1.0,-0.02,0.02,1.8,3.1
"BOISE, ID",4.7,7,8.6,7.1,1.5,,,,,0.04,0.02,0.02,3.0,-0.6,0.62,3.1,3.1
"MARSHFIELD, WI",0.0,0,46.5,,,,,,,0.03,0.01,0.02,3.0,-0.6,0.62,3.1,3.1
"ASHLAND, WI",0.0,0,36.8,,,,,,,0.02,0.0,0.02,3.0,-0.6,0.62,3.1,3.1
"ORONO, ME",0.0,0,24.6,,,,,,,0.02,0.01,0.02,3.0,-0.6,0.62,3.1,3.1
"TRAVERSE CITY, MI",0.0,0,52.8,,,,,,,0.05,0.03,0.02,3.0,-0.6,0.62,3.1,3.1
"BEND, OR",2.2,1,19.4,10.7,8.7,,,,,0.04,0.02,0.02,3.0,-0.6,0.62,3.1,3.1
"BELLINGHAM, WA",2.0,1,32.5,44.8,-12.3,,,,,0.05,0.03,0.02,3.0,-0.6,0.62,3.1,3.1
"TUSTIN, CA",9.1,8,11.1,15.6,-4.5,3.0,-15.0,10.5,3.1,0.03,0.01,0.02,3.0,-0.6,0.62,3.1,3.1
"GOLDEN, CO",0.0,0,13.2,,,,,,,0.03,0.01,0.02,3.0,-0.6,0.62,3.1,3.1
"BROOKINGS, SD",7.1,1,17.7,16.5,1.3,,,,,0.03,0.01,0.02,3.0,-0.6,0.62,3.1,3.1
"FORT COLLINS, CO",2.8,3,52.7,31.4,21.3,,,,,0.08,0.06,0.02,3.0,-0.6,0.62,3.1,3.1
"GRAND FORKS, ND",6.7,3,58.8,64.9,-6.1,1.0,-25.0,18.9,3.0,0.02,0.01,0.01,3.0,-0.6,0.61,3.1,3.0
"BRATTLEBORO, VT",10.0,1,33.1,32.9,0.2,,,,,0.02,0.0,0.02,3.0,-0.6,0.62,3.0,3.0
"WATERLOO, WI",0.0,0,29.6,,,,,,,0.02,0.0,0.02,3.0,-0.6,0.62,3.0,3.0
"IOWA CITY, IA",6.8,3,38.0,44.4,-6.4,1.0,-25.0,18.6,3.1,0.07,0.03,0.04,3.0,-0.6,0.64,3.0,3.0
"PALO ALTO, CA",4.7,4,31.6,18.4,13.2,,,,,0.12,0.09,0.03,3.0,-0.6,0.63,3.0,3.0
"BOZEMAN, MT",3.0,1,40.0,28.1,11.9,,,,,0.07,0.04,0.03,3.0,-0.6,0.63,3.0,3.0
"LOS ALTOS, CA",4.2,3,23.3,24.7,-1.4,,,,,0.04,0.01,0.03,3.0,-0.6,0.63,3.0,3.0
"HILLSBORO, OR",5.7,5,26.6,32.6,-6.0,1.0,-25.0,19.0,3.0,0.02,0.01,0.01,3.0,-0.6,0.61,3.1,3.0
"HELENA, MT",4.7,2,32.3,47.0,-14.7,,,,,0.04,0.01,0.03,3.0,-0.6,0.63,3.0,3.0
"BRECKENRIDGE, CO",14.3,1,15.9,39.3,-23.4,,,,,0.03,0.0,0.03,3.0,-0.6,0.63,3.0,3.0
"KEY WEST, FL",7.7,2,25.2,39.4,-14.2,,,,,0.17,0.14,0.03,3.0,-0.6,0.63,3.0,3.0
"SANTA CRUZ, CA",4.5,3,15.2,17.6,-2.4,,,,,0.14,0.1,0.03,3.0,-0.6,0.63,3.0,3.0
"REXBURG, ID",0.0,0,18.3,,,,,,,0.06,0.02,0.04,3.0,-0.6,0.64,3.0,3.0
"LARAMIE, WY",0.0,0,49.2,,,,,,,0.08,0.04,0.04,3.0,-0.6,0.64,3.0,3.0
"OLYMPIA, WA",12.9,8,23.3,30.4,-7.1,2.0,-20.0,12.9,3.0,0.05,0.03,0.02,3.0,-0.6,0.62,3.1,3.0
"KEENE, NH",0.0,0,7.6,,,,,,,0.05,0.01,0.04,3.0,-0.6,0.64,3.0,3.0
"STEAMBOAT SPRINGS, CO",0.0,0,8.5,,,,,,,0.1,0.06,0.04,3.0,-0.6,0.64,3.0,3.0
"CLEMSON, SC",11.8,2,17.6,20.5,-2.9,,,,,0.05,0.0,0.04,3.0,-0.6,0.64,3.0,3.0
"NORTHAMPTON, MA",9.1,2,21.4,16.9,4.5,,,,,0.08,0.02,0.05,3.0,-0.6,0.65,3.0,3.0
"ATHENS, OH",10.5,2,30.1,27.8,2.3,,,,,0.09,0.04,0.06,3.0,-0.6,0.66,2.9,2.9
"MILL VALLEY, CA",0.0,0,26.2,,,,,,,0.09,0.02,0.06,3.0,-0.6,0.66,2.9,2.9
"MURFREESBORO, TN",14.1,10,19.5,25.8,-6.4,3.0,-15.0,8.6,3.4,0.01,0.0,0.01,2.0,-0.05,0.06,1.5,2.9
"FALMOUTH, MA",0.0,0,16.9,,,,,,,0.08,0.01,0.07,3.0,-0.6,0.67,2.9,2.9
"WINTHROP, WA",0.0,0,20.1,,,,,,,0.08,0.0,0.08,3.0,-0.6,0.68,2.9,2.9
"REDDING, CA",8.4,7,14.9,18.0,-3.1,3.0,-15.0,11.9,2.8,0.02,0.01,0.01,3.0,-0.6,0.61,3.1,2.9
"WICHITA, KS",18.9,63,30.5,40.9,-10.5,1.0,-25.0,14.5,3.5,0.01,0.0,0.01,1.0,-0.02,0.03,1.0,2.9
"BOULDER, CO",4.3,4,52.4,51.0,1.4,,,,,0.19,0.11,0.09,3.0,-0.6,0.69,2.9,2.9
"SANTA BARBARA, CA",15.1,16,22.9,29.0,-6.0,2.0,-20.0,14.0,2.8,0.08,0.02,0.06,3.0,-0.6,0.66,3.0,2.8
"QUINCY, IL",9.3,4,55.2,63.5,-8.3,1.0,-25.0,16.7,3.3,0.01,0.0,0.0,2.0,-0.05,0.05,1.6,2.8
"FORT SMITH, AR",10.8,9,27.9,36.4,-8.5,1.0,-25.0,16.5,3.3,0.0,0.0,0.0,1.0,-0.02,0.02,1.5,2.8
"QUEENS, NY",14.2,249,47.0,50.5,-3.5,1.0,-25.0,21.5,2.8,0.02,0.01,0.01,3.0,-0.6,0.61,3.1,2.8
"AVENTURA, FL",7.9,3,8.2,13.9,-5.7,3.0,-15.0,9.3,3.3,0.01,0.0,0.01,2.0,-0.05,0.06,1.5,2.8
"MOUNT PLEASANT, SC",11.1,4,22.8,31.3,-8.5,2.0,-20.0,11.5,3.2,0.01,0.01,0.0,2.0,-0.05,0.05,1.7,2.8
"ANN ARBOR, MI",8.5,9,32.5,35.6,-3.1,1.0,-25.0,21.9,2.7,0.09,0.05,0.04,3.0,-0.6,0.64,3.0,2.8
"FITCHBURG, WI",25.6,10,34.3,43.7,-9.4,1.0,-25.0,15.6,3.4,0.01,0.0,0.01,2.0,-0.05,0.06,1.0,2.8
"GRAND ISLAND, NE",6.8,3,17.0,22.6,-5.6,3.0,-15.0,9.4,3.3,0.01,0.0,0.01,2.0,-0.05,0.06,1.3,2.8
"VENTURA, CA",6.7,5,28.2,36.9,-8.7,1.0,-25.0,16.3,3.3,0.02,0.01,0.01,2.0,-0.05,0.06,1.2,2.8
"STANFORD, CA",0.0,0,24.1,,,,,,,0.68,0.56,0.12,3.0,-0.6,0.72,2.8,2.8
"OREM, UT",5.9,5,26.7,29.1,-2.4,1.0,-25.0,22.6,2.6,0.02,0.01,0.01,3.0,-0.6,0.61,3.1,2.7
"TAMPA, FL",25.3,110,10.4,12.6,-2.2,3.0,-15.0,12.8,2.6,0.02,0.01,0.01,3.0,-0.6,0.61,3.1,2.7
"RUTLAND, VT",5.6,1,40.1,46.3,-6.1,,,,,0.0,0.01,-0.01,1.0,-0.02,0.01,2.7,2.7
"INDEPENDENCE, MO",11.5,15,23.2,30.7,-7.5,2.0,-20.0,12.5,3.0,0.0,0.0,0.0,1.0,-0.02,0.02,1.8,2.7
"CARROLLTON, GA",20.8,5,10.7,14.3,-3.6,3.0,-15.0,11.4,2.9,0.0,0.01,0.0,1.0,-0.02,0.02,2.2,2.7
"LANSING, MI",19.2,29,24.9,33.3,-8.4,2.0,-20.0,11.6,3.2,0.01,0.0,0.01,2.0,-0.05,0.06,1.3,2.7
"AURORA, IL",15.6,23,43.8,50.0,-6.3,1.0,-25.0,18.7,3.0,0.0,0.0,0.0,1.0,-0.02,0.02,1.7,2.7
"GOOSE CREEK, SC",9.1,4,16.6,21.5,-4.9,3.0,-15.0,10.1,3.1,0.0,0.0,0.0,1.0,-0.02,0.02,1.4,2.7
"CHARLESTON, WV",12.9,9,18.3,23.4,-5.1,3.0,-15.0,9.9,3.2,0.01,0.0,0.01,2.0,-0.05,0.06,1.3,2.7
"TROY, OH",3.8,1,42.0,69.3,-27.3,,,,,0.0,0.01,-0.01,1.0,-0.02,0.01,2.7,2.7
"KANSAS CITY, KS",20.2,36,32.4,38.9,-6.4,1.0,-25.0,18.6,3.1,0.0,0.0,0.0,1.0,-0.02,0.02,1.5,2.7
"SANTA MARIA, CA",12.7,9,66.0,73.0,-7.0,1.0,-25.0,18.0,3.1,0.01,0.0,0.01,2.0,-0.05,0.06,1.3,2.7
"SHAWNEE, KS",5.9,4,28.5,33.0,-4.5,1.0,-25.0,20.5,2.9,0.0,0.0,0.0,1.0,-0.02,0.02,2.0,2.6
"SAINT PETERSBURG, FL",15.1,40,8.8,10.2,-1.5,3.0,-15.0,13.5,2.5,0.02,0.01,0.01,3.0,-0.6,0.61,3.1,2.6
"PORTLAND, ME",10.2,6,21.7,25.7,-4.0,2.0,-20.0,16.0,2.5,0.04,0.02,0.02,3.0,-0.6,0.62,3.1,2.6
"ATHENS, GA",15.4,12,8.4,9.8,-1.4,3.0,-15.0,13.6,2.5,0.02,0.01,0.01,3.0,-0.6,0.61,3.1,2.6
"FAIRBANKS, AK",10.5,4,21.3,25.0,-3.8,2.0,-20.0,16.2,2.5,0.01,0.01,0.0,3.0,-0.6,0.6,3.1,2.6
"EMMAUS, PA",9.1,1,56.0,67.5,-11.4,,,,,0.0,0.01,-0.01,2.0,-0.05,0.04,2.6,2.6
"ALEXANDRIA, VA",12.5,17,34.8,35.3,-0.5,1.0,-25.0,24.5,2.4,0.03,0.01,0.02,3.0,-0.6,0.62,3.1,2.6
"LA CROSSE, WI",6.3,4,44.5,45.0,-0.6,1.0,-25.0,24.4,2.4,0.05,0.02,0.03,3.0,-0.6,0.63,3.0,2.6
"TULSA, OK",16.4,60,17.9,22.2,-4.3,3.0,-15.0,10.7,3.0,0.0,0.0,0.0,1.0,-0.02,0.02,1.3,2.6
"YUMA, AZ",11.2,11,17.3,21.2,-3.9,3.0,-15.0,11.1,2.9,0.01,0.0,0.01,2.0,-0.05,0.06,1.5,2.6
"RAVENNA, OH",17.6,3,15.2,17.5,-2.3,3.0,-15.0,12.7,2.6,0.0,0.0,0.0,1.0,-0.02,0.02,2.3,2.6
"PHILADELPHIA, PA",33.0,446,41.3,41.4,-0.1,1.0,-25.0,24.9,2.4,0.04,0.03,0.02,3.0,-0.6,0.62,3.1,2.6
"SANTA ANA, CA",13.7,29,21.5,28.9,-7.4,2.0,-20.0,12.6,3.0,0.01,0.0,0.01,2.0,-0.05,0.06,1.2,2.6
"CHICAGO, IL",30.6,725,34.5,34.6,-0.1,1.0,-25.0,24.9,2.4,0.04,0.02,0.02,3.0,-0.6,0.62,3.1,2.6
"VENICE, FL",10.5,4,8.5,9.5,-1.0,3.0,-15.0,14.0,2.4,0.04,0.01,0.03,3.0,-0.6,0.63,3.0,2.6
"LITTLETON, CO",6.8,5,9.1,13.3,-4.2,3.0,-15.0,10.8,3.0,0.01,0.0,0.0,1.0,-0.02,0.02,1.3,2.6
"ROGERS, AR",11.3,8,9.3,12.2,-2.9,3.0,-15.0,12.1,2.8,0.0,0.0,0.0,1.0,-0.02,0.02,2.0,2.6
"EVANSVILLE, IN",13.4,18,23.2,29.6,-6.4,2.0,-20.0,13.6,2.9,0.0,0.0,0.0,1.0,-0.02,0.02,1.7,2.6
"SAINT PAUL, MN",21.0,61,45.0,44.9,0.1,1.0,-25.0,25.1,2.4,0.03,0.02,0.01,3.0,-0.6,0.61,3.1,2.6
"HARTFORD, CT",28.3,32,16.7,20.9,-4.2,3.0,-15.0,10.8,3.0,0.01,0.0,0.01,2.0,-0.05,0.06,1.2,2.5
"SYRACUSE, NY",30.2,45,6.6,7.3,-0.8,3.0,-15.0,14.2,2.4,0.02,0.01,0.01,3.0,-0.6,0.61,3.1,2.5
"BROOKLYN, NY",19.3,399,57.8,57.6,0.1,1.0,-25.0,25.1,2.4,0.08,0.05,0.03,3.0,-0.6,0.63,3.0,2.5
"TUSCALOOSA, AL",24.3,25,14.8,18.2,-3.4,3.0,-15.0,11.6,2.9,0.01,0.01,0.0,2.0,-0.05,0.05,1.6,2.5
"CHICO, CA",14.3,13,39.6,39.5,0.1,1.0,-25.0,25.1,2.4,0.07,0.04,0.04,3.0,-0.6,0.64,3.0,2.5
"GOLETA, CA",20.6,7,27.9,27.7,0.2,1.0,-25.0,25.2,2.4,0.06,0.01,0.04,3.0,-0.6,0.64,3.0,2.5
"SEMINOLE, FL",10.9,5,6.5,10.8,-4.2,3.0,-15.0,10.8,3.0,0.02,0.0,0.01,2.0,-0.05,0.06,1.0,2.5
"PITTSBURGH, PA",19.1,80,19.6,20.1,-0.6,3.0,-15.0,14.4,2.3,0.04,0.02,0.02,3.0,-0.6,0.62,3.1,2.5
"POCATELLO, ID",5.6,3,6.9,7.2,-0.2,3.0,-15.0,14.8,2.3,0.03,0.01,0.02,3.0,-0.6,0.62,3.1,2.5
"PEORIA, IL",25.9,30,13.2,16.4,-3.2,3.0,-15.0,11.8,2.8,0.01,0.0,0.01,2.0,-0.05,0.06,1.4,2.5
"BURLINGTON, VT",9.1,3,38.4,37.3,1.1,1.0,-25.0,26.1,2.3,0.09,0.06,0.03,3.0,-0.6,0.63,3.0,2.5
"RICHLAND, WA",9.4,5,12.9,15.2,-2.3,3.0,-15.0,12.7,2.7,0.01,0.01,0.0,2.0,-0.05,0.05,1.9,2.5
"PARADISE, NV",13.5,32,25.9,32.8,-6.8,2.0,-20.0,13.2,2.9,0.02,0.0,0.01,2.0,-0.05,0.06,1.0,2.4
"ERIE, PA",27.6,27,28.3,31.4,-3.1,1.0,-25.0,21.9,2.7,0.01,0.0,0.0,2.0,-0.05,0.05,1.7,2.4
"DENVER, CO",18.3,108,35.4,33.9,1.5,1.0,-25.0,26.5,2.2,0.04,0.02,0.02,3.0,-0.6,0.62,3.1,2.4
"MASSILLON, OH",14.6,7,18.0,20.3,-2.3,3.0,-15.0,12.7,2.6,0.0,0.0,0.0,1.0,-0.02,0.02,1.8,2.4
"BISMARCK, ND",8.5,4,48.8,55.4,-6.6,1.0,-25.0,18.4,3.1,0.01,0.0,0.01,1.0,-0.02,0.03,0.5,2.4
"GAINESVILLE, FL",15.5,16,11.7,11.7,0.0,3.0,-15.0,15.0,2.2,0.07,0.05,0.01,3.0,-0.6,0.61,3.1,2.4
"DOVER, DE",17.6,6,10.3,10.2,0.1,3.0,-15.0,15.1,2.2,0.02,0.0,0.02,3.0,-0.6,0.62,3.1,2.4
"CRANSTON, RI",18.5,15,25.5,30.6,-5.1,2.0,-20.0,14.9,2.7,0.0,0.0,0.0,1.0,-0.02,0.02,1.7,2.4
"SAINT CHARLES, MO",6.6,4,13.4,15.8,-2.4,3.0,-15.0,12.6,2.7,0.0,0.0,0.0,1.0,-0.02,0.02,1.7,2.4
"FORT LAUDERDALE, FL",27.1,54,4.4,4.2,0.1,3.0,-15.0,15.1,2.2,0.02,0.0,0.02,3.0,-0.6,0.62,3.1,2.4
"STATEN ISLAND, NY",12.6,39,31.7,34.8,-3.1,1.0,-25.0,21.9,2.7,0.0,0.0,0.0,1.0,-0.02,0.02,1.5,2.4
"SAINT CLOUD, MN",10.9,7,18.6,18.4,0.3,3.0,-15.0,15.3,2.2,0.02,0.01,0.01,3.0,-0.6,0.61,3.1,2.4
"VERO BEACH, FL",15.2,7,5.2,7.2,-2.0,3.0,-15.0,13.0,2.6,0.01,0.01,0.0,2.0,-0.05,0.05,1.8,2.4
"OLATHE, KS",5.5,6,31.2,35.1,-4.0,1.0,-25.0,21.0,2.8,0.01,0.0,0.0,1.0,-0.02,0.02,1.2,2.4
"JOHNSON CITY, TN",10.0,9,17.9,20.4,-2.6,3.0,-15.0,12.4,2.7,0.0,0.0,0.0,1.0,-0.02,0.02,1.5,2.4
"AVONDALE, AZ",12.7,8,18.4,21.1,-2.7,3.0,-15.0,12.3,2.7,0.01,0.0,0.01,2.0,-0.05,0.06,1.4,2.4
"REDMOND, OR",7.1,1,47.2,37.2,10.1,,,,,0.0,0.0,0.0,1.0,-0.02,0.02,2.4,2.4
"MCDONOUGH, GA",16.7,2,8.5,13.2,-4.7,,,,,0.0,0.0,0.0,1.0,-0.02,0.02,2.4,2.4
"BRONX, NY",25.1,289,31.4,29.0,2.4,1.0,-25.0,27.4,2.1,0.02,0.01,0.01,3.0,-0.6,0.61,3.1,2.4
"TUCSON, AZ",19.3,90,33.2,30.8,2.5,1.0,-25.0,27.5,2.1,0.04,0.02,0.02,3.0,-0.6,0.62,3.1,2.4
"MONROE, LA",27.0,17,26.8,29.4,-2.6,1.0,-25.0,22.4,2.7,0.01,0.0,0.01,2.0,-0.05,0.06,1.5,2.4
"LAS CRUCES, NM",14.6,13,6.6,6.0,0.6,3.0,-15.0,15.6,2.1,0.02,0.01,0.02,3.0,-0.6,0.62,3.1,2.4
"PROVINCETOWN, MA",20.0,1,75.5,83.7,-8.1,,,,,0.25,0.0,0.25,3.0,-0.6,0.85,2.4,2.4
"SCHERERVILLE, IN",5.6,2,27.8,13.6,14.2,,,,,0.0,0.0,0.0,1.0,-0.02,0.02,2.4,2.4
"SILVER SPRING, MD",13.2,10,8.3,7.7,0.6,3.0,-15.0,15.6,2.1,0.02,0.01,0.01,3.0,-0.6,0.61,3.1,2.4
"ANAHEIM, CA",16.3,49,15.6,18.1,-2.4,3.0,-15.0,12.6,2.7,0.01,0.0,0.01,2.0,-0.05,0.06,1.4,2.3
"FORT WORTH, TX",17.1,130,18.6,20.8,-2.2,3.0,-15.0,12.8,2.6,0.0,0.0,0.0,1.0,-0.02,0.02,1.5,2.3
"FLINT, MI",29.9,43,34.0,38.1,-4.1,1.0,-25.0,20.9,2.8,0.01,0.0,0.01,1.0,-0.02,0.03,0.9,2.3
"STOCKTON, CA",14.2,33,31.9,34.5,-2.6,1.0,-25.0,22.4,2.7,0.01,0.0,0.01,2.0,-0.05,0.06,1.4,2.3
"LAWRENCE, KS",9.1,5,29.2,32.7,-3.4,1.0,-25.0,21.6,2.7,0.02,0.01,0.01,2.0,-0.05,0.06,1.1,2.3
"APPLETON, WI",9.9,9,21.0,26.0,-5.0,2.0,-20.0,15.0,2.6,0.01,0.0,0.01,2.0,-0.05,0.06,1.4,2.3
"RIVERSIDE, CA",16.3,40,18.1,20.5,-2.4,3.0,-15.0,12.6,2.7,0.01,0.0,0.01,2.0,-0.05,0.06,1.3,2.3
"MONTGOMERY, AL",25.6,50,27.1,29.0,-2.0,1.0,-25.0,23.0,2.6,0.0,0.0,0.0,1.0,-0.02,0.02,1.5,2.3
"IRVINE, CA",11.3,17,17.0,16.2,0.8,3.0,-15.0,15.8,2.1,0.02,0.01,0.02,3.0,-0.6,0.62,3.1,2.3
"NASHUA, NH",9.7,6,11.7,14.0,-2.3,3.0,-15.0,12.7,2.6,0.0,0.0,0.0,1.0,-0.02,0.02,1.3,2.3
"NEWPORT, RI",17.9,5,15.9,15.1,0.9,3.0,-15.0,15.9,2.1,0.03,0.01,0.02,3.0,-0.6,0.62,3.1,2.3
"LITTLE ROCK, AR",30.1,50,24.1,28.4,-4.2,2.0,-20.0,15.8,2.5,0.0,0.0,0.0,1.0,-0.02,0.02,1.7,2.3
"NEW HAVEN, CT",34.7,42,17.6,16.6,1.0,3.0,-15.0,16.0,2.0,0.05,0.03,0.02,3.0,-0.6,0.62,3.1,2.3
"VANCOUVER, WA",11.6,19,29.7,31.2,-1.4,1.0,-25.0,23.6,2.5,0.01,0.0,0.01,2.0,-0.05,0.06,1.5,2.3
"BUFFALO, NY",31.2,102,6.0,4.8,1.1,3.0,-15.0,16.1,2.0,0.02,0.01,0.01,3.0,-0.6,0.61,3.1,2.3
"LEXINGTON, MA",8.1,3,13.9,12.8,1.1,3.0,-15.0,16.1,2.0,0.02,0.0,0.02,3.0,-0.6,0.62,3.1,2.3
"AUSTIN, TX",13.6,85,10.8,9.7,1.2,3.0,-15.0,16.2,2.0,0.02,0.01,0.01,3.0,-0.6,0.61,3.1,2.3
"SEATTLE, WA",14.5,74,40.3,36.8,3.5,1.0,-25.0,28.5,2.0,0.08,0.03,0.04,3.0,-0.6,0.64,3.0,2.3
"HONOLULU, HI",13.9,34,18.6,17.3,1.2,3.0,-15.0,16.2,2.0,0.03,0.02,0.01,3.0,-0.6,0.61,3.1,2.3
"SACRAMENTO, CA",24.8,102,27.4,23.5,3.9,1.0,-25.0,28.9,2.0,0.03,0.02,0.01,3.0,-0.6,0.61,3.1,2.3
"MIAMI, FL",30.5,113,4.1,2.8,1.3,3.0,-15.0,16.3,2.0,0.02,0.01,0.01,3.0,-0.6,0.61,3.1,2.3
"DETROIT, MI",26.3,262,39.4,41.4,-1.9,1.0,-25.0,23.1,2.6,0.01,0.0,0.01,2.0,-0.05,0.06,1.2,2.3
"CONWAY, AR",10.8,4,17.0,19.1,-2.1,3.0,-15.0,12.9,2.6,0.01,0.0,0.0,1.0,-0.02,0.02,1.2,2.2
"ANCHORAGE, AK",18.4,35,30.6,26.6,4.0,1.0,-25.0,29.0,2.0,0.02,0.01,0.01,3.0,-0.6,0.61,3.1,2.2
"DAVIS, CA",6.4,3,68.7,65.0,3.7,1.0,-25.0,28.7,2.0,0.27,0.21,0.07,3.0,-0.6,0.67,2.9,2.2
"SAINT LOUIS, MO",34.2,137,31.4,33.0,-1.7,1.0,-25.0,23.3,2.6,0.01,0.0,0.01,2.0,-0.05,0.06,1.2,2.2
"CORPUS CHRISTI, TX",17.0,40,18.0,19.4,-1.4,3.0,-15.0,13.6,2.5,0.0,0.0,0.0,1.0,-0.02,0.02,1.5,2.2
"ROANOKE, VA",17.7,17,18.4,20.1,-1.7,3.0,-15.0,13.3,2.5,0.01,0.0,0.01,2.0,-0.05,0.06,1.3,2.2
"ALBANY, NY",23.9,21,6.6,5.1,1.5,3.0,-15.0,16.5,1.9,0.02,0.01,0.01,3.0,-0.6,0.61,3.1,2.2
"CAMBRIDGE, MA",8.5,10,20.1,21.1,-1.0,2.0,-20.0,19.0,2.0,0.22,0.13,0.09,3.0,-0.6,0.69,2.8,2.2
"FREDERICK, MD",14.1,9,8.8,10.3,-1.5,3.0,-15.0,13.5,2.5,0.01,0.0,0.01,2.0,-0.05,0.06,1.4,2.2
"GLENDALE, AZ",16.7,42,26.5,30.7,-4.1,2.0,-20.0,15.9,2.5,0.01,0.01,0.01,2.0,-0.05,0.06,1.3,2.2
"MENOMONEE FALLS, WI",6.1,3,24.6,28.0,-3.4,2.0,-20.0,16.6,2.4,0.0,0.0,0.0,1.0,-0.02,0.02,1.7,2.2
"ROCHESTER, MN",11.1,10,33.5,28.9,4.6,1.0,-25.0,29.6,1.9,0.02,0.01,0.01,3.0,-0.6,0.61,3.1,2.2
"SPRINGFIELD, VA",11.1,4,19.2,21.1,-1.9,3.0,-15.0,13.1,2.6,0.0,0.0,0.0,1.0,-0.02,0.02,1.1,2.2
"LAFAYETTE, LA",13.9,16,12.6,14.4,-1.8,3.0,-15.0,13.2,2.6,0.02,0.01,0.01,2.0,-0.05,0.06,1.1,2.2
"EAST HONOLULU, HI",10.0,4,15.8,16.3,-0.5,3.0,-15.0,14.5,2.3,0.0,0.0,0.0,1.0,-0.02,0.02,1.8,2.2
"FOLSOM, CA",7.7,4,26.6,30.4,-3.9,2.0,-20.0,16.1,2.5,0.01,0.0,0.01,2.0,-0.05,0.06,1.4,2.2
"HURST, TX",6.4,5,10.2,10.3,-0.2,3.0,-15.0,14.8,2.2,0.0,0.0,0.0,1.0,-0.02,0.02,2.0,2.2
"HOUSTON, TX",21.3,401,13.5,14.6,-1.1,3.0,-15.0,13.9,2.4,0.01,0.0,0.01,2.0,-0.05,0.06,1.5,2.2
"CARLSBAD, CA",14.6,14,14.4,16.8,-2.4,3.0,-15.0,12.6,2.7,0.01,0.0,0.01,1.0,-0.02,0.03,0.7,2.2
"COLUMBUS, OH",19.5,170,30.5,30.8,-0.3,1.0,-25.0,24.7,2.4,0.01,0.0,0.01,2.0,-0.05,0.06,1.4,2.2
"ASHEVILLE, NC",8.8,9,5.9,7.4,-1.6,3.0,-15.0,13.4,2.5,0.02,0.0,0.01,2.0,-0.05,0.06,1.2,2.2
"WARREN, MI",13.5,26,24.1,28.6,-4.5,2.0,-20.0,15.5,2.6,0.01,0.0,0.01,1.0,-0.02,0.03,1.0,2.2
"NEW YORK, NY",22.9,1455,47.0,42.0,4.9,1.0,-25.0,29.9,1.9,0.05,0.03,0.02,3.0,-0.6,0.62,3.1,2.2
"GREEN BAY, WI",10.3,12,33.1,32.3,0.8,1.0,-25.0,25.8,2.3,0.01,0.01,0.0,2.0,-0.05,0.05,1.7,2.2
"ARLINGTON, TX",12.7,39,11.6,11.9,-0.3,3.0,-15.0,14.7,2.3,0.0,0.0,0.0,1.0,-0.02,0.02,1.8,2.2
"SPOKANE, WA",10.4,21,24.9,28.8,-3.9,2.0,-20.0,16.1,2.5,0.01,0.0,0.01,2.0,-0.05,0.06,1.2,2.2
"VIRGINIA BEACH, VA",8.8,28,17.9,18.7,-0.8,3.0,-15.0,14.2,2.4,0.01,0.0,0.01,2.0,-0.05,0.06,1.5,2.2
"ALBUQUERQUE, NM",15.4,70,11.8,9.7,2.1,3.0,-15.0,17.1,1.8,0.02,0.01,0.01,3.0,-0.6,0.61,3.1,2.1
"FAYETTEVILLE, NC",16.4,27,6.6,7.1,-0.5,3.0,-15.0,14.5,2.3,0.0,0.0,0.0,1.0,-0.02,0.02,1.6,2.1
"SAINT CHARLES, IL",0.0,0,44.8,,,,,,,0.0,0.01,0.0,2.0,-0.05,0.05,2.1,2.1
"ARLINGTON, VA",10.8,22,45.8,40.4,5.4,1.0,-25.0,30.4,1.8,0.04,0.01,0.03,3.0,-0.6,0.63,3.0,2.1
"OMAHA, NE",18.8,94,31.8,31.3,0.5,1.0,-25.0,25.5,2.3,0.0,0.0,0.0,1.0,-0.02,0.02,1.5,2.1
"CHAMPAIGN, IL",14.7,11,29.2,23.6,5.6,1.0,-25.0,30.6,1.8,0.04,0.03,0.01,3.0,-0.6,0.61,3.1,2.1
"MADISON, WI",10.3,23,48.4,42.9,5.4,1.0,-25.0,30.4,1.8,0.08,0.05,0.03,3.0,-0.6,0.63,3.0,2.1
"ROCHESTER, NY",34.7,104,4.8,2.6,2.3,3.0,-15.0,17.3,1.8,0.02,0.01,0.01,3.0,-0.6,0.61,3.1,2.1
"SAVANNAH, GA",19.0,33,5.8,3.6,2.2,3.0,-15.0,17.2,1.8,0.04,0.01,0.02,3.0,-0.6,0.62,3.1,2.1
"SCOTTS VALLEY, CA",10.0,1,18.0,11.3,6.8,,,,,0.01,0.01,0.0,2.0,-0.05,0.05,2.1,2.1
"KINGSTON, NY",10.7,3,5.3,3.1,2.2,3.0,-15.0,17.2,1.8,0.03,0.0,0.03,3.0,-0.6,0.63,3.0,2.1
"HARRISBURG, PA",25.5,13,14.1,15.8,-1.8,3.0,-15.0,13.2,2.5,0.02,0.01,0.02,2.0,-0.05,0.07,0.8,2.1
"SAN FRANCISCO, CA",18.0,107,57.3,51.8,5.5,1.0,-25.0,30.5,1.8,0.1,0.06,0.04,3.0,-0.6,0.64,3.0,2.1
"CLEVELAND, OH",27.8,154,24.2,27.7,-3.4,2.0,-20.0,16.6,2.4,0.01,0.0,0.01,2.0,-0.05,0.06,1.2,2.1
"BARBERTON, OH",14.3,6,14.7,14.3,0.4,3.0,-15.0,15.4,2.1,0.0,0.0,0.0,1.0,-0.02,0.02,2.0,2.1
"LAKE CHARLES, LA",20.3,16,19.3,20.5,-1.2,3.0,-15.0,13.8,2.4,0.02,0.0,0.01,2.0,-0.05,0.06,1.1,2.1
"MOBILE, AL",24.5,51,22.6,25.0,-2.5,2.0,-20.0,17.5,2.2,0.0,0.0,0.0,1.0,-0.02,0.02,1.7,2.1
"FEDERAL WAY, WA",16.5,16,17.0,18.1,-1.1,3.0,-15.0,13.9,2.4,0.0,0.0,0.0,1.0,-0.02,0.02,1.1,2.1
"JACKSON, MS",33.0,62,21.1,23.5,-2.3,2.0,-20.0,17.7,2.2,0.0,0.0,0.0,1.0,-0.02,0.02,1.7,2.1
"CHATTANOOGA, TN",16.4,36,21.5,23.8,-2.3,2.0,-20.0,17.7,2.2,0.01,0.0,0.0,2.0,-0.05,0.05,1.7,2.1
"AURORA, CO",15.4,48,12.1,12.1,0.0,3.0,-15.0,15.0,2.2,0.0,0.0,0.0,1.0,-0.02,0.02,1.7,2.1
"NEW ORLEANS, LA",33.5,174,35.2,29.0,6.2,1.0,-25.0,31.2,1.7,0.05,0.03,0.02,3.0,-0.6,0.62,3.0,2.1
"REDWOOD CITY, CA",13.9,11,28.6,22.4,6.2,1.0,-25.0,31.2,1.7,0.04,0.01,0.04,3.0,-0.6,0.64,3.0,2.1
"LINCOLN, NE",13.8,27,26.4,25.5,0.9,2.0,-20.0,20.9,1.7,0.02,0.01,0.01,3.0,-0.6,0.61,3.1,2.1
"PROVIDENCE, RI",27.2,49,24.4,23.4,1.0,2.0,-20.0,21.0,1.7,0.02,0.01,0.0,3.0,-0.6,0.6,3.1,2.1
"PROVO, UT",11.0,11,28.4,21.9,6.5,1.0,-25.0,31.5,1.7,0.04,0.02,0.02,3.0,-0.6,0.62,3.1,2.0
"GRESHAM, OR",19.1,18,16.7,16.9,-0.2,3.0,-15.0,14.8,2.3,0.01,0.0,0.01,2.0,-0.05,0.06,1.4,2.0
"DALLAS, TX",24.7,303,16.0,16.0,0.0,3.0,-15.0,15.0,2.2,0.0,0.0,0.0,1.0,-0.02,0.02,1.5,2.0
"WASHINGTON, DC",28.2,127,36.7,30.3,6.4,1.0,-25.0,31.4,1.7,0.12,0.08,0.04,3.0,-0.6,0.64,3.0,2.0
"NEWARK, NJ",7.3,16,20.9,22.9,-2.0,2.0,-20.0,18.0,2.2,0.0,0.0,0.0,1.0,-0.02,0.02,1.6,2.0
"HUNTSVILLE, AL",18.7,34,16.8,17.7,-0.8,3.0,-15.0,14.2,2.4,0.01,0.0,0.01,1.0,-0.02,0.03,1.0,2.0
"PORT CHESTER, NY",11.1,3,5.4,8.1,-2.6,3.0,-15.0,12.4,2.7,0.0,0.0,0.0,,,,,2.0
"JACKSON, TN",20.0,12,17.6,17.2,0.4,3.0,-15.0,15.4,2.1,0.0,0.0,0.0,1.0,-0.02,0.02,1.7,2.0
"FREMONT, CA",5.4,8,18.3,18.4,-0.1,3.0,-15.0,14.9,2.2,0.01,0.0,0.01,2.0,-0.05,0.06,1.4,2.0
"SHREVEPORT, LA",33.3,62,19.9,22.3,-2.5,2.0,-20.0,17.5,2.2,0.0,0.0,0.0,1.0,-0.02,0.02,1.3,2.0
"MARIETTA, GA",9.9,7,6.3,6.2,0.1,3.0,-15.0,15.1,2.2,0.0,0.0,0.0,1.0,-0.02,0.02,1.5,2.0
"CORVALLIS, OR",11.6,5,38.1,31.2,6.9,1.0,-25.0,31.9,1.7,0.17,0.14,0.03,3.0,-0.6,0.63,3.0,2.0
"SAN ANTONIO, TX",20.6,217,23.3,25.4,-2.1,2.0,-20.0,17.9,2.2,0.0,0.0,0.0,1.0,-0.02,0.02,1.5,2.0
"BANGOR, ME",7.7,2,27.1,15.4,11.7,,,,,0.0,0.0,0.0,1.0,-0.02,0.02,2.0,2.0
"DELAWARE, OH",3.8,1,22.8,10.3,12.6,,,,,0.0,0.0,0.0,1.0,-0.02,0.02,2.0,2.0
"LAS VEGAS, NV",17.9,95,21.4,23.8,-2.4,2.0,-20.0,17.6,2.2,0.01,0.0,0.0,1.0,-0.02,0.02,1.3,2.0
"BELLA VISTA, AR",7.7,2,28.6,17.3,11.3,,,,,0.0,0.0,0.0,1.0,-0.02,0.02,2.0,2.0
"STERLING HEIGHTS, MI",4.0,4,14.7,14.0,0.6,,,,,0.0,0.0,0.0,1.0,-0.02,0.02,2.0,2.0
"SOUTHAVEN, MS",2.6,1,21.0,34.9,-13.9,,,,,0.0,0.0,0.0,1.0,-0.02,0.02,2.0,2.0
"REVERE, MA",8.6,5,6.8,5.0,1.8,3.0,-15.0,16.8,1.9,0.0,0.01,0.0,1.0,-0.02,0.02,2.3,2.0
"MACON, GA",29.5,31,5.2,4.6,0.6,3.0,-15.0,15.6,2.1,0.0,0.0,0.0,1.0,-0.02,0.02,1.7,2.0
"EUGENE, OR",5.8,8,22.1,20.8,1.3,2.0,-20.0,21.3,1.7,0.1,0.06,0.04,3.0,-0.6,0.64,3.0,2.0
"TOLEDO, OH",24.0,78,16.8,16.5,0.3,3.0,-15.0,15.3,2.2,0.0,0.0,0.0,1.0,-0.02,0.02,1.5,2.0
"REDMOND, WA",9.1,7,23.0,21.5,1.5,2.0,-20.0,21.5,1.6,0.02,0.01,0.01,3.0,-0.6,0.61,3.1,2.0
"HICKORY, NC",13.7,10,5.8,3.9,1.9,3.0,-15.0,16.9,1.9,0.0,0.01,0.0,1.0,-0.02,0.02,2.3,2.0
"HOOVER, AL",7.4,9,14.2,16.5,-2.3,3.0,-15.0,12.7,2.6,0.0,0.0,0.0,,,,,2.0
"BILLINGS, MT",10.8,10,27.5,24.9,2.7,1.0,-25.0,27.7,2.1,0.01,0.0,0.0,2.0,-0.05,0.05,1.6,2.0
"SAN JOSE, CA",14.0,106,19.0,18.8,0.2,3.0,-15.0,15.2,2.2,0.01,0.01,0.01,2.0,-0.05,0.06,1.4,2.0
"PINE BLUFF, AR",32.2,19,28.7,31.1,-2.4,1.0,-25.0,22.6,2.6,0.0,0.0,0.0,,,,,2.0
"LEXINGTON, KY",10.0,21,9.2,8.8,0.5,3.0,-15.0,15.5,2.1,0.01,0.01,0.01,2.0,-0.05,0.06,1.5,2.0
"SOMERVILLE, MA",14.3,14,10.9,7.8,3.1,3.0,-15.0,18.1,1.6,0.15,0.11,0.04,3.0,-0.6,0.64,3.0,2.0
"GARY, IN",23.7,28,36.2,33.8,2.4,1.0,-25.0,27.4,2.1,0.0,0.0,0.0,1.0,-0.02,0.02,1.5,2.0
"WILMINGTON, DE",33.8,27,36.0,33.4,2.6,1.0,-25.0,27.6,2.1,0.01,0.01,0.01,2.0,-0.05,0.06,1.5,2.0
"MILWAUKEE, WI",28.2,197,31.0,29.6,1.4,1.0,-25.0,26.4,2.2,0.02,0.01,0.01,2.0,-0.05,0.06,1.1,2.0
"MOUNT VERNON, NY",20.8,16,3.1,1.9,1.1,3.0,-15.0,16.1,2.0,0.0,0.0,0.0,1.0,-0.02,0.02,1.8,2.0
"MEMPHIS, TN",31.8,179,5.8,5.5,0.3,3.0,-15.0,15.3,2.2,0.0,0.0,0.0,1.0,-0.02,0.02,1.3,1.9
"FARGO, ND",14.8,13,48.9,46.9,2.0,1.0,-25.0,27.0,2.2,0.01,0.0,0.01,2.0,-0.05,0.06,1.2,1.9
"BIRMINGHAM, AL",32.7,144,21.7,23.6,-1.9,2.0,-20.0,18.1,2.1,0.01,0.0,0.0,1.0,-0.02,0.02,1.3,1.9
"GREAT FALLS, MT",12.1,8,35.0,32.1,2.9,1.0,-25.0,27.9,2.1,0.01,0.0,0.01,2.0,-0.05,0.06,1.5,1.9
"CAMDEN, NJ",22.9,16,27.9,25.7,2.2,1.0,-25.0,27.2,2.2,0.01,0.0,0.01,2.0,-0.05,0.06,1.2,1.9
"LENEXA, KS",5.7,4,23.4,24.8,-1.3,2.0,-20.0,18.7,2.1,0.0,0.0,0.0,1.0,-0.02,0.02,1.5,1.9
"LOS ANGELES, CA",23.4,675,23.8,21.7,2.1,2.0,-20.0,22.1,1.5,0.02,0.01,0.01,3.0,-0.6,0.61,3.1,1.9
"LOUISVILLE, KY",6.9,35,7.1,6.6,0.5,3.0,-15.0,15.5,2.1,0.01,0.0,0.0,1.0,-0.02,0.02,1.3,1.9
"WATERBURY, CT",27.3,24,13.2,15.0,-1.8,3.0,-15.0,13.2,2.6,0.0,0.0,0.0,,,,,1.9
"RALEIGH, NC",15.6,41,10.9,10.0,0.9,3.0,-15.0,15.9,2.1,0.01,0.0,0.0,1.0,-0.02,0.02,1.5,1.9
"SAN BERNARDINO, CA",15.3,37,15.7,14.7,1.0,3.0,-15.0,16.0,2.0,0.01,0.0,0.0,1.0,-0.02,0.02,1.5,1.9
"BATON ROUGE, LA",27.1,64,20.5,21.7,-1.3,2.0,-20.0,18.7,2.1,0.01,0.0,0.01,2.0,-0.05,0.06,1.4,1.9
"JOLIET, IL",16.2,25,23.8,24.9,-1.1,2.0,-20.0,18.9,2.0,0.0,0.0,0.0,1.0,-0.02,0.02,1.5,1.9
"REDLANDS, CA",13.3,10,20.7,23.2,-2.5,2.0,-20.0,17.5,2.2,0.02,0.0,0.02,2.0,-0.05,0.07,0.8,1.9
"NAPA, CA",6.1,4,30.0,28.1,1.8,1.0,-25.0,26.8,2.2,0.02,0.0,0.01,2.0,-0.05,0.06,1.0,1.9
"ROSWELL, NM",18.2,8,5.9,6.7,-0.8,3.0,-15.0,14.2,2.4,0.01,0.0,0.01,1.0,-0.02,0.03,0.5,1.9
"GRAND RAPIDS, MI",23.5,47,20.5,18.1,2.4,2.0,-20.0,22.4,1.5,0.01,0.01,0.01,3.0,-0.6,0.61,3.1,1.9
"PATERSON, NJ",17.9,22,13.6,15.2,-1.6,3.0,-15.0,13.4,2.5,0.0,0.0,0.0,,,,,1.9
"STAMFORD, CT",8.0,7,10.6,9.6,1.0,3.0,-15.0,16.0,2.0,0.01,0.0,0.01,2.0,-0.05,0.06,1.4,1.9
"WORCESTER, MA",22.1,33,14.3,13.6,0.8,3.0,-15.0,15.8,2.1,0.01,0.0,0.0,1.0,-0.02,0.02,1.3,1.9
"DAYTON, OH",26.1,64,22.5,24.7,-2.2,2.0,-20.0,17.8,2.2,0.01,0.0,0.01,1.0,-0.02,0.03,0.9,1.9
"INDIANAPOLIS, IN",19.1,133,5.8,4.2,1.5,3.0,-15.0,16.5,1.9,0.01,0.0,0.0,2.0,-0.05,0.05,1.7,1.9
"GREENVILLE, SC",12.6,13,33.0,30.6,2.4,1.0,-25.0,27.4,2.1,0.01,0.0,0.01,2.0,-0.05,0.06,1.0,1.9
"JERSEY CITY, NJ",17.0,31,17.8,17.1,0.7,3.0,-15.0,15.7,2.1,0.01,0.0,0.01,2.0,-0.05,0.06,1.1,1.8
"CHARLOTTE, NC",19.5,101,9.0,7.7,1.3,3.0,-15.0,16.3,2.0,0.0,0.0,0.0,1.0,-0.02,0.02,1.5,1.8
"ORLANDO, FL",20.7,45,7.2,5.7,1.5,3.0,-15.0,16.5,1.9,0.01,0.0,0.0,2.0,-0.05,0.05,1.6,1.8
"COLUMBIA, MD",2.6,2,12.9,13.7,-0.8,,,,,0.0,0.0,0.0,1.0,-0.02,0.02,1.8,1.8
"IDAHO FALLS, ID",9.3,5,5.4,4.7,0.7,3.0,-15.0,15.7,2.1,0.01,0.0,0.01,2.0,-0.05,0.06,1.1,1.8
"WINSTON-SALEM, NC",18.7,39,7.0,5.6,1.4,3.0,-15.0,16.4,2.0,0.0,0.0,0.0,1.0,-0.02,0.02,1.5,1.8
"OKLAHOMA CITY, OK",19.6,137,21.4,21.7,-0.3,2.0,-20.0,19.7,1.9,0.0,0.0,0.0,1.0,-0.02,0.02,1.7,1.8
"CARMEL, IN",1.9,1,36.1,16.9,19.2,,,,,0.0,0.0,0.0,1.0,-0.02,0.02,1.8,1.8
"FAYETTEVILLE, AR",10.0,7,30.6,21.2,9.3,1.0,-25.0,34.3,1.4,0.02,0.01,0.01,3.0,-0.6,0.61,3.1,1.8
"RACINE, WI",21.2,28,33.6,29.4,4.3,1.0,-25.0,29.3,1.9,0.0,0.0,0.0,1.0,-0.02,0.02,1.5,1.8
"OVERLAND PARK, KS",4.5,8,31.4,19.8,11.5,,,,,0.0,0.0,0.0,1.0,-0.02,0.02,1.8,1.8
"MANCHESTER, NH",15.2,15,4.8,3.4,1.5,3.0,-15.0,16.5,1.9,0.01,0.0,0.0,1.0,-0.02,0.02,1.5,1.8
"BOSTON, MA",23.3,144,13.3,9.1,4.2,3.0,-15.0,19.2,1.4,0.06,0.03,0.03,3.0,-0.6,0.63,3.0,1.8
"BETHEL, CT",7.7,1,12.8,16.5,-3.7,,,,,0.01,0.01,0.0,2.0,-0.05,0.05,1.8,1.8
"FISHERS, IN",4.7,2,29.5,27.2,2.3,,,,,0.0,0.0,0.0,1.0,-0.02,0.02,1.8,1.8
"SPRINGFIELD, MA",29.8,39,10.4,8.9,1.5,3.0,-15.0,16.5,1.9,0.0,0.0,0.0,1.0,-0.02,0.02,1.5,1.8
"MINNEAPOLIS, MN",23.4,100,23.1,20.3,2.8,2.0,-20.0,22.8,1.4,0.07,0.04,0.03,3.0,-0.6,0.63,3.0,1.8
"SAN JUAN, PR",8.5,31,34.3,31.1,3.2,1.0,-25.0,28.2,2.1,0.01,0.0,0.01,2.0,-0.05,0.06,1.1,1.8
"ATLANTA, GA",35.2,136,7.7,6.9,0.8,3.0,-15.0,15.8,2.1,0.02,0.01,0.01,2.0,-0.05,0.06,1.1,1.8
"LOWELL, MA",15.0,12,8.7,7.4,1.3,3.0,-15.0,16.3,2.0,0.0,0.0,0.0,1.0,-0.02,0.02,1.3,1.8
"KEARNEY, NE",4.0,1,19.9,8.1,11.9,,,,,0.01,0.01,0.0,2.0,-0.05,0.05,1.8,1.8
"BLOOMINGTON, MN",14.8,13,27.7,24.0,3.7,1.0,-25.0,28.7,2.0,0.01,0.0,0.0,1.0,-0.02,0.02,1.1,1.8
"CHANDLER, AZ",10.4,20,22.1,22.6,-0.5,2.0,-20.0,19.5,1.9,0.01,0.0,0.01,2.0,-0.05,0.06,1.3,1.8
"RICHARDSON, TX",11.7,16,14.0,12.5,1.4,3.0,-15.0,16.4,2.0,0.0,0.0,0.0,1.0,-0.02,0.02,1.3,1.8
"KANSAS CITY, MO",20.5,124,25.3,25.1,0.2,2.0,-20.0,20.2,1.8,0.0,0.0,0.0,1.0,-0.02,0.02,1.7,1.8
"KENT, WA",8.2,12,20.3,22.3,-2.0,2.0,-20.0,18.0,2.2,0.01,0.0,0.01,1.0,-0.02,0.03,0.6,1.8
"DES MOINES, IA",15.5,32,33.1,29.7,3.4,1.0,-25.0,28.4,2.0,0.01,0.0,0.01,1.0,-0.02,0.03,1.0,1.8
"NORWALK, CT",9.0,7,4.8,3.2,1.6,3.0,-15.0,16.6,1.9,0.01,0.0,0.01,2.0,-0.05,0.06,1.3,1.8
"URBANA, IL",16.7,8,31.5,21.2,10.2,1.0,-25.0,35.2,1.3,0.1,0.08,0.02,3.0,-0.6,0.62,3.1,1.8
"ALMA, MI",0.0,0,61.7,,,,,,,0.01,0.01,0.0,2.0,-0.05,0.05,1.8,1.8
"SALEM, OR",16.3,25,19.0,14.1,4.9,3.0,-15.0,19.9,1.3,0.02,0.0,0.01,3.0,-0.6,0.61,3.1,1.7
"DUBLIN, OH",9.8,4,38.8,33.5,5.3,1.0,-25.0,30.3,1.8,0.0,0.0,0.0,1.0,-0.02,0.02,1.5,1.7
"MELBOURNE, FL",12.0,10,8.6,7.4,1.2,3.0,-15.0,16.2,2.0,0.02,0.01,0.01,2.0,-0.05,0.06,1.0,1.7
"LONG BEACH, CA",21.9,89,25.9,26.1,-0.2,2.0,-20.0,19.8,1.9,0.02,0.01,0.01,2.0,-0.05,0.06,1.3,1.7
"OWENSBORO, KY",14.0,7,8.4,6.8,1.6,3.0,-15.0,16.6,1.9,0.01,0.0,0.01,2.0,-0.05,0.06,1.2,1.7
"NASHVILLE, TN",20.1,107,7.9,5.8,2.1,3.0,-15.0,17.1,1.8,0.0,0.0,0.0,1.0,-0.02,0.02,1.5,1.7
"WINFIELD, IL",16.7,3,17.0,16.1,1.0,3.0,-15.0,16.0,2.0,0.01,0.0,0.01,1.0,-0.02,0.03,0.8,1.7
"GREENSBORO, NC",16.2,36,6.7,4.5,2.2,3.0,-15.0,17.2,1.8,0.0,0.0,0.0,1.0,-0.02,0.02,1.5,1.7
"CASPER, WY",2.0,1,32.0,32.1,-0.1,,,,,0.01,0.0,0.0,2.0,-0.05,0.05,1.7,1.7
"SALT LAKE CITY, UT",17.4,32,44.8,34.0,10.7,1.0,-25.0,35.7,1.3,0.04,0.02,0.01,3.0,-0.6,0.61,3.1,1.7
"WEST CHESTER, PA",12.5,2,59.7,63.8,-4.0,,,,,0.01,0.01,0.0,2.0,-0.05,0.05,1.7,1.7
"NEWPORT NEWS, VA",20.1,28,22.4,21.2,1.1,2.0,-20.0,21.1,1.7,0.0,0.0,0.0,1.0,-0.02,0.02,1.8,1.7
"COLUMBUS, IN",7.3,3,26.1,25.9,0.2,2.0,-20.0,20.2,1.8,0.01,0.0,0.01,2.0,-0.05,0.06,1.3,1.7
"RIDGELAND, MS",14.3,6,21.1,21.3,-0.1,2.0,-20.0,19.9,1.9,0.0,0.0,0.0,1.0,-0.02,0.02,1.2,1.7
"TALLAHASSEE, FL",15.5,23,11.7,9.8,2.0,3.0,-15.0,17.0,1.9,0.02,0.01,0.01,2.0,-0.05,0.06,1.2,1.7
"ROCKVILLE, MD",11.8,8,15.1,13.1,2.0,3.0,-15.0,17.0,1.8,0.01,0.0,0.01,2.0,-0.05,0.06,1.3,1.7
"WEST HARTFORD, CT",19.8,16,13.5,10.7,2.8,3.0,-15.0,17.8,1.7,0.0,0.0,0.0,1.0,-0.02,0.02,1.7,1.7
"BAKERSFIELD, CA",23.6,61,21.4,20.4,1.1,2.0,-20.0,21.1,1.7,0.01,0.0,0.0,2.0,-0.05,0.05,1.7,1.7
"BALTIMORE, MD",33.5,239,20.8,20.8,0.0,2.0,-20.0,20.0,1.8,0.02,0.01,0.01,2.0,-0.05,0.06,1.2,1.7
"CINCINNATI, OH",23.6,91,24.3,23.7,0.5,2.0,-20.0,20.5,1.8,0.01,0.0,0.01,2.0,-0.05,0.06,1.4,1.7
"CHARLESTON, SC",14.4,17,17.5,12.0,5.5,3.0,-15.0,20.5,1.2,0.04,0.03,0.01,3.0,-0.6,0.61,3.1,1.7
"SANTA FE, NM",15.4,12,7.5,4.8,2.7,3.0,-15.0,17.7,1.7,0.01,0.01,0.01,2.0,-0.05,0.06,1.5,1.7
"BROKEN ARROW, OK",1.0,1,15.1,12.6,2.6,,,,,0.0,0.0,0.0,1.0,-0.02,0.02,1.7,1.7
"BETTENDORF, IA",0.0,0,29.0,,,,,,,0.0,0.0,0.0,1.0,-0.02,0.02,1.7,1.7
"PHOENIX, AZ",17.9,201,25.3,24.5,0.8,2.0,-20.0,20.8,1.7,0.01,0.0,0.01,2.0,-0.05,0.06,1.4,1.7
"RIO RANCHO, NM",4.7,3,7.7,8.9,-1.2,,,,,0.0,0.0,0.0,1.0,-0.02,0.02,1.7,1.7
"SCRANTON, PA",13.8,12,23.2,23.4,-0.2,2.0,-20.0,19.8,1.9,0.01,0.0,0.01,1.0,-0.02,0.03,1.0,1.7
"GILBERT, AZ",3.1,5,24.4,30.0,-5.7,,,,,0.01,0.0,0.0,2.0,-0.05,0.05,1.7,1.7
"HIGH POINT, NC",17.6,16,5.3,2.9,2.5,3.0,-15.0,17.5,1.8,0.0,0.0,0.0,1.0,-0.02,0.02,1.3,1.7
"BRIDGEPORT, CT",22.5,27,13.4,12.1,1.3,3.0,-15.0,16.3,2.0,0.01,0.0,0.01,1.0,-0.02,0.03,0.7,1.7
"SCOTTSDALE, AZ",6.6,15,18.5,16.1,2.3,3.0,-15.0,17.3,1.8,0.02,0.01,0.01,2.0,-0.05,0.06,1.3,1.7
"STATE COLLEGE, PA",11.1,3,53.9,41.9,12.0,1.0,-25.0,37.0,1.1,0.13,0.15,-0.02,3.0,-0.6,0.58,3.2,1.6
"OAKLAND, CA",24.6,93,23.8,19.5,4.3,2.0,-20.0,24.3,1.2,0.05,0.03,0.02,3.0,-0.6,0.62,3.1,1.6
"HATTIESBURG, MS",25.9,14,16.5,13.9,2.6,3.0,-15.0,17.6,1.7,0.01,0.01,0.01,2.0,-0.05,0.06,1.3,1.6
"MAPLE GROVE, MN",3.8,2,47.5,9.4,38.1,,,,,0.0,0.0,0.0,1.0,-0.02,0.02,1.6,1.6
"HAMMOND, IN",20.2,20,28.2,19.1,9.1,1.0,-25.0,34.1,1.4,0.0,0.0,0.0,1.0,-0.02,0.02,2.2,1.6
"TACOMA, WA",16.9,40,30.5,24.0,6.5,1.0,-25.0,31.5,1.7,0.01,0.0,0.01,2.0,-0.05,0.06,1.4,1.6
"PLANO, TX",8.0,19,14.4,11.4,2.9,3.0,-15.0,17.9,1.7,0.0,0.0,0.0,1.0,-0.02,0.02,1.5,1.6
"NEWBURYPORT, MA",6.7,1,22.4,29.3,-7.0,,,,,0.01,0.0,0.0,1.0,-0.02,0.02,1.6,1.6
"COLORADO SPRINGS, CO",11.3,36,22.4,21.3,1.1,2.0,-20.0,21.1,1.7,0.01,0.0,0.01,2.0,-0.05,0.06,1.4,1.6
"DOWNERS GROVE, IL",4.8,4,28.4,16.6,11.8,,,,,0.01,0.0,0.0,1.0,-0.02,0.02,1.6,1.6
"SPRINGFIELD, IL",16.3,25,8.8,5.9,2.9,3.0,-15.0,17.9,1.7,0.01,0.0,0.01,2.0,-0.05,0.06,1.4,1.6
"OXFORD, MS",16.7,4,30.1,17.6,12.4,1.0,-25.0,37.4,1.1,0.02,0.02,0.0,3.0,-0.6,0.6,3.1,1.6
"COLUMBUS, GA",20.6,26,6.1,3.6,2.4,3.0,-15.0,17.4,1.8,0.0,0.0,0.0,1.0,-0.02,0.02,1.1,1.6
"THORNTON, CO",10.7,13,8.9,5.8,3.1,3.0,-15.0,18.1,1.6,0.0,0.0,0.0,1.0,-0.02,0.02,1.5,1.6
"PAWTUCKET, RI",16.2,12,13.7,11.1,2.5,3.0,-15.0,17.5,1.7,0.0,0.0,0.0,1.0,-0.02,0.02,1.1,1.6
"KNOXVILLE, TN",13.3,24,7.0,4.0,3.0,3.0,-15.0,18.0,1.7,0.01,0.0,0.01,2.0,-0.05,0.06,1.4,1.6
"ALBANY, GA",27.4,17,5.7,5.2,0.5,3.0,-15.0,15.5,2.1,0.0,0.0,0.0,,,,,1.6
"NORFOLK, VA",16.7,34,15.2,12.4,2.8,3.0,-15.0,17.8,1.7,0.01,0.0,0.01,2.0,-0.05,0.06,1.3,1.6
"MORGAN HILL, CA",3.3,1,16.2,27.8,-11.6,,,,,0.01,0.01,0.0,2.0,-0.05,0.05,1.6,1.6
"HIGHLAND PARK, IL",2.2,1,17.9,12.4,5.5,,,,,0.01,0.0,0.0,2.0,-0.05,0.05,1.6,1.6
"COLUMBIA, MO",12.5,9,26.6,14.1,12.6,1.0,-25.0,37.6,1.1,0.02,0.01,0.01,3.0,-0.6,0.61,3.1,1.6
"BURLINGTON, IA",16.2,6,31.9,26.4,5.5,1.0,-25.0,30.5,1.8,0.02,0.0,0.02,2.0,-0.05,0.07,0.9,1.6
"TOPEKA, KS",20.8,25,30.1,23.0,7.0,1.0,-25.0,32.0,1.7,0.01,0.0,0.0,1.0,-0.02,0.02,1.3,1.6
"DURHAM, NC",17.6,29,11.6,8.3,3.4,3.0,-15.0,18.4,1.6,0.01,0.01,0.01,2.0,-0.05,0.06,1.5,1.6
"MORGANTOWN, WV",8.6,5,20.5,15.6,4.9,2.0,-20.0,24.9,1.1,0.03,0.0,0.03,3.0,-0.6,0.63,3.0,1.6
"AMES, IA",7.0,3,51.6,39.1,12.5,1.0,-25.0,37.5,1.1,0.06,0.03,0.03,3.0,-0.6,0.63,3.0,1.6
"YOUNGSTOWN, OH",27.5,30,20.9,18.9,2.0,2.0,-20.0,22.0,1.5,0.0,0.0,0.0,1.0,-0.02,0.02,1.7,1.6
"BILOXI, MS",20.0,10,13.8,10.2,3.6,3.0,-15.0,18.6,1.5,0.0,0.0,0.0,1.0,-0.02,0.02,1.6,1.6
"AUBURN, AL",8.5,4,31.9,24.5,7.4,1.0,-25.0,32.4,1.6,0.01,0.0,0.01,2.0,-0.05,0.06,1.4,1.6
"LIVONIA, MI",8.1,9,30.4,22.7,7.7,1.0,-25.0,32.7,1.6,0.0,0.0,0.0,1.0,-0.02,0.02,1.5,1.6
"PORTLAND, OR",14.8,77,40.4,27.8,12.6,1.0,-25.0,37.6,1.1,0.11,0.07,0.04,3.0,-0.6,0.64,3.0,1.6
"MERIDIAN, MS",28.8,15,24.2,22.4,1.9,2.0,-20.0,21.9,1.6,0.0,0.0,0.0,1.0,-0.02,0.02,1.5,1.6
"AUGUSTA, GA",25.2,38,7.4,4.9,2.5,3.0,-15.0,17.5,1.8,0.01,0.0,0.01,1.0,-0.02,0.03,0.9,1.5
"DULUTH, MN",12.7,13,27.5,20.1,7.4,1.0,-25.0,32.4,1.6,0.01,0.0,0.01,2.0,-0.05,0.06,1.3,1.5
"DAVENPORT, IA",9.9,9,26.0,25.9,0.1,2.0,-20.0,20.1,1.8,0.01,0.0,0.01,1.0,-0.02,0.03,0.6,1.5
"RICHMOND, VA",31.7,59,23.5,18.1,5.4,2.0,-20.0,25.4,1.0,0.03,0.02,0.01,3.0,-0.6,0.61,3.1,1.5
"SANTA ROSA, CA",10.1,16,17.9,11.4,6.5,3.0,-15.0,21.5,1.0,0.02,0.01,0.02,3.0,-0.6,0.62,3.1,1.5
"JANESVILLE, WI",7.5,4,32.2,24.5,7.7,1.0,-25.0,32.7,1.6,0.0,0.0,0.0,1.0,-0.02,0.02,1.3,1.5
"HUNTINGTON, WV",6.7,4,36.9,29.5,7.4,1.0,-25.0,32.4,1.6,0.02,0.01,0.01,2.0,-0.05,0.06,1.2,1.5
"NEWINGTON, CT",10.8,4,9.8,4.5,5.3,3.0,-15.0,20.3,1.2,0.0,0.0,0.0,1.0,-0.02,0.02,2.3,1.5
"AKRON, OH",24.2,64,16.8,12.7,4.0,3.0,-15.0,19.0,1.5,0.0,0.0,0.0,1.0,-0.02,0.02,1.7,1.5
"NORTHFIELD, NJ",0.0,0,41.4,,,,,,,0.01,0.0,0.01,2.0,-0.05,0.06,1.5,1.5
"WEST FARGO, ND",9.1,2,33.4,23.6,9.8,,,,,0.0,0.0,0.0,1.0,-0.02,0.02,1.5,1.5
"NORTH PLATTE, NE",4.0,1,37.8,60.1,-22.2,,,,,0.0,0.0,0.0,1.0,-0.02,0.02,1.5,1.5
"JACKSONVILLE, FL",22.4,109,10.1,6.3,3.8,3.0,-15.0,18.8,1.5,0.01,0.0,0.01,2.0,-0.05,0.06,1.4,1.5
"NEWARK, DE",22.2,6,16.6,9.8,6.7,3.0,-15.0,21.7,1.0,0.05,0.04,0.02,3.0,-0.6,0.62,3.1,1.5
"EVANSTON, IL",16.9,14,25.6,20.1,5.5,2.0,-20.0,25.5,1.0,0.08,0.03,0.04,3.0,-0.6,0.64,3.0,1.5
"CANTON, OH",20.0,18,17.6,13.4,4.2,3.0,-15.0,19.2,1.4,0.01,0.0,0.0,2.0,-0.05,0.05,1.6,1.5
"PEACHTREE CITY, GA",0.0,0,11.6,,,,,,,0.0,0.0,0.0,1.0,-0.02,0.02,1.5,1.5
"WAXHAW, NC",0.0,0,13.3,,,,,,,0.0,0.0,0.0,1.0,-0.02,0.02,1.5,1.5
"SIOUX FALLS, SD",11.9,14,20.3,17.3,3.0,2.0,-20.0,23.0,1.4,0.01,0.0,0.0,2.0,-0.05,0.05,1.7,1.5
"DUNWOODY, GA",0.0,0,13.2,,,,,,,0.0,0.0,0.0,1.0,-0.02,0.02,1.5,1.5
"PADUCAH, KY",6.8,3,6.2,2.9,3.3,3.0,-15.0,18.3,1.6,0.01,0.0,0.01,1.0,-0.02,0.03,1.0,1.4
"BELLEVUE, WA",4.6,6,24.8,47.1,-22.2,,,,,0.01,0.0,0.01,2.0,-0.05,0.06,1.4,1.4
"CHULA VISTA, CA",10.3,15,16.5,12.4,4.0,3.0,-15.0,19.0,1.5,0.0,0.0,0.0,1.0,-0.02,0.02,1.3,1.4
"MESA, AZ",12.6,45,18.9,14.6,4.3,3.0,-15.0,19.3,1.4,0.01,0.01,0.01,2.0,-0.05,0.06,1.5,1.4
"FAIRFIELD, CA",17.3,14,18.3,14.2,4.1,3.0,-15.0,19.1,1.5,0.01,0.0,0.01,2.0,-0.05,0.06,1.3,1.4
"LIVERMORE, CA",8.0,4,18.6,14.8,3.8,3.0,-15.0,18.8,1.5,0.02,0.0,0.01,2.0,-0.05,0.06,1.1,1.4
"TUPELO, MS",12.8,5,26.8,21.9,5.0,1.0,-25.0,30.0,1.9,0.0,0.0,0.0,,,,,1.4
"PEORIA, AZ",15.9,28,20.7,17.2,3.5,2.0,-20.0,23.5,1.3,0.0,0.0,0.0,1.0,-0.02,0.02,1.7,1.4
"GULFPORT, MS",20.0,15,15.4,12.1,3.4,3.0,-15.0,18.4,1.6,0.01,0.0,0.01,1.0,-0.02,0.03,0.8,1.4
"EL PASO, TX",17.1,78,20.5,17.3,3.2,2.0,-20.0,23.2,1.4,0.0,0.0,0.0,1.0,-0.02,0.02,1.5,1.4
"TRENTON, NJ",12.9,9,32.3,23.1,9.2,1.0,-25.0,34.2,1.4,0.0,0.0,0.0,1.0,-0.02,0.02,1.3,1.4
"EUCLID, OH",17.2,11,15.2,11.0,4.2,3.0,-15.0,19.2,1.4,0.01,0.0,0.0,1.0,-0.02,0.02,1.1,1.4
"EAU CLAIRE, WI",10.3,7,41.2,31.1,10.2,1.0,-25.0,35.2,1.3,0.01,0.01,0.01,2.0,-0.05,0.06,1.5,1.4
"MANHATTAN, NY",22.7,251,46.0,31.3,14.7,1.0,-25.0,39.7,0.9,0.19,0.11,0.08,3.0,-0.6,0.68,2.9,1.4
"BOWLING GREEN, KY",12.7,7,7.1,3.7,3.4,3.0,-15.0,18.4,1.6,0.01,0.0,0.01,1.0,-0.02,0.03,0.6,1.4
"LAKEWOOD, CO",12.2,24,16.3,11.5,4.8,3.0,-15.0,19.8,1.3,0.01,0.0,0.01,2.0,-0.05,0.06,1.4,1.4
"FRESNO, CA",26.5,102,21.0,17.7,3.3,2.0,-20.0,23.3,1.3,0.01,0.01,0.01,2.0,-0.05,0.06,1.4,1.4
"WARWICK, RI",4.0,3,18.2,14.0,4.2,,,,,0.0,0.0,0.0,1.0,-0.02,0.02,1.3,1.3
"SIMI VALLEY, CA",4.6,4,19.2,21.2,-2.0,,,,,0.01,0.0,0.0,1.0,-0.02,0.02,1.3,1.3
"O'FALLON, MO",2.6,2,10.4,18.7,-8.4,,,,,0.0,0.0,0.0,1.0,-0.02,0.02,1.3,1.3
"WEST JORDAN, UT",2.2,2,19.4,8.3,11.1,,,,,0.0,0.0,0.0,1.0,-0.02,0.02,1.3,1.3
"GILLETTE, WY",13.0,3,21.0,16.5,4.5,2.0,-20.0,24.5,1.1,0.0,0.0,0.0,1.0,-0.02,0.02,1.8,1.3
"NEW ULM, MN",7.1,1,41.4,39.4,2.0,,,,,0.01,0.0,0.01,2.0,-0.05,0.06,1.3,1.3
"KALISPELL, MT",3.7,1,34.8,9.4,25.4,,,,,0.01,0.0,0.01,2.0,-0.05,0.06,1.3,1.3
"MERIDIAN, ID",3.4,1,7.7,3.9,3.8,,,,,0.01,0.0,0.01,2.0,-0.05,0.06,1.3,1.3
"HILO, HI",3.0,1,34.2,43.8,-9.6,,,,,0.01,0.0,0.01,2.0,-0.05,0.06,1.3,1.3
"PORTSMOUTH, NH",5.3,1,11.4,11.2,0.1,,,,,0.01,0.0,0.01,2.0,-0.05,0.06,1.3,1.3
"MONTEBELLO, CA",1.5,1,16.3,12.0,4.4,,,,,0.01,0.0,0.01,2.0,-0.05,0.06,1.3,1.3
"CONCORD, NH",6.9,2,8.7,9.4,-0.7,,,,,0.0,0.0,0.0,1.0,-0.02,0.02,1.3,1.3
"ROSWELL, GA",5.7,5,11.0,5.7,5.3,3.0,-15.0,20.3,1.2,0.0,0.0,0.0,1.0,-0.02,0.02,1.5,1.3
"TEMPE, AZ",17.2,31,24.4,17.0,7.4,2.0,-20.0,27.4,0.7,0.05,0.03,0.02,3.0,-0.6,0.62,3.0,1.3
"RENO, NV",15.3,35,22.4,18.1,4.3,2.0,-20.0,24.3,1.2,0.01,0.01,0.0,2.0,-0.05,0.05,1.6,1.3
"BEAVERTON, OR",7.7,13,22.9,18.6,4.3,2.0,-20.0,24.3,1.2,0.01,0.01,0.0,2.0,-0.05,0.05,1.6,1.3
"BURKE, VA",4.0,2,15.8,13.6,2.2,,,,,0.0,0.0,0.0,1.0,-0.02,0.02,1.3,1.3
"CEDAR RAPIDS, IA",11.2,14,20.4,16.2,4.2,2.0,-20.0,24.2,1.2,0.01,0.0,0.01,2.0,-0.05,0.06,1.5,1.3
"FRANKLIN, TN",6.7,3,19.0,16.1,2.9,3.0,-15.0,17.9,1.7,0.0,0.0,0.0,,,,,1.3
"SILOAM SPRINGS, AR",0.0,0,7.8,,,,,,,0.01,0.0,0.01,2.0,-0.05,0.06,1.3,1.3
"BUTTE, MT",2.6,1,32.7,16.4,16.3,,,,,0.01,0.0,0.01,2.0,-0.05,0.06,1.3,1.3
"CONCORD, NC",11.7,9,7.8,4.8,2.9,3.0,-15.0,17.9,1.7,0.0,0.0,0.0,,,,,1.3
"COLUMBIA, SC",28.8,60,20.3,16.0,4.3,2.0,-20.0,24.3,1.2,0.01,0.0,0.01,2.0,-0.05,0.06,1.5,1.3
"RICHFIELD, UT",0.0,0,39.4,,,,,,,0.02,0.01,0.01,2.0,-0.05,0.06,1.2,1.2
"SIOUX CITY, IA",16.7,16,22.0,17.7,4.3,2.0,-20.0,24.3,1.2,0.0,0.0,0.0,1.0,-0.02,0.02,1.3,1.2
"LONGMONT, CO",11.7,7,9.8,4.1,5.7,3.0,-15.0,20.7,1.2,0.01,0.01,0.01,2.0,-0.05,0.06,1.4,1.2
"NORTH LITTLE ROCK, AR",19.5,15,19.3,13.0,6.3,3.0,-15.0,21.3,1.0,0.0,0.0,0.0,1.0,-0.02,0.02,1.7,1.2
"CHESAPEAKE, VA",15.1,24,17.9,12.1,5.8,3.0,-15.0,20.8,1.1,0.0,0.0,0.0,1.0,-0.02,0.02,1.3,1.2
"KENNER, LA",13.3,8,28.7,17.3,11.4,1.0,-25.0,36.4,1.2,0.01,0.0,0.0,1.0,-0.02,0.02,1.2,1.2
"SAN DIEGO, CA",18.2,179,26.1,21.7,4.4,2.0,-20.0,24.4,1.2,0.02,0.01,0.01,2.0,-0.05,0.06,1.2,1.2
"EDWARDSVILLE, IL",3.3,1,24.3,45.4,-21.1,,,,,0.01,0.0,0.01,2.0,-0.05,0.06,1.2,1.2
"NORMAN, OK",12.0,13,24.9,16.4,8.6,2.0,-20.0,28.6,0.5,0.03,0.01,0.01,3.0,-0.6,0.61,3.1,1.2
"YORBA LINDA, CA",1.4,1,16.0,21.1,-5.1,,,,,0.01,0.0,0.0,1.0,-0.02,0.02,1.1,1.1
"ABERDEEN, SD",8.7,2,51.9,60.0,-8.1,,,,,0.01,0.0,0.01,2.0,-0.05,0.06,1.1,1.1
"AUGUSTA, ME",5.3,1,23.0,14.7,8.3,,,,,0.0,0.0,0.0,1.0,-0.02,0.02,1.1,1.1
"DULUTH, GA",0.0,0,11.5,,,,,,,0.0,0.0,0.0,1.0,-0.02,0.02,1.1,1.1
"CHAPEL HILL, NC",6.1,3,24.5,15.5,9.0,2.0,-20.0,29.0,0.4,0.04,0.03,0.01,3.0,-0.6,0.61,3.1,1.1
"VIENNA, VA",3.6,1,32.4,24.2,8.3,,,,,0.02,0.0,0.01,2.0,-0.05,0.06,1.1,1.1
"JONESBORO, AR",12.2,6,23.5,16.8,6.7,2.0,-20.0,26.7,0.8,0.0,0.0,0.0,1.0,-0.02,0.02,1.8,1.1
"SUN PRAIRIE, WI",5.3,1,41.9,72.6,-30.8,,,,,0.01,0.0,0.01,2.0,-0.05,0.06,1.0,1.0
"MIDDLETOWN, DE",0.0,0,18.8,,,,,,,0.01,0.0,0.01,2.0,-0.05,0.06,1.0,1.0
"SOLDOTNA, AK",0.0,0,36.6,,,,,,,0.01,0.0,0.01,2.0,-0.05,0.06,1.0,1.0
"CARSON CITY, NV",16.3,8,24.7,18.4,6.3,2.0,-20.0,26.3,0.9,0.01,0.01,0.01,2.0,-0.05,0.06,1.5,1.0
"SUMMERVILLE, SC",2.1,1,16.4,20.2,-3.8,,,,,0.01,0.0,0.01,1.0,-0.02,0.03,1.0,1.0
"CROWN POINT, IN",4.3,1,29.2,26.1,3.1,,,,,0.01,0.0,0.01,1.0,-0.02,0.03,1.0,1.0
"SANTA MONICA, CA",7.4,7,46.2,26.2,20.1,1.0,-25.0,45.1,0.3,0.05,0.04,0.02,3.0,-0.6,0.62,3.1,1.0
"PARKERSBURG, WV",2.8,1,19.9,4.9,15.0,,,,,0.01,0.0,0.01,1.0,-0.02,0.03,1.0,1.0
"VILLA PARK, IL",4.7,2,44.0,45.6,-1.6,,,,,0.01,0.0,0.01,2.0,-0.05,0.06,0.9,0.9
"WARREN, PA",0.0,0,34.1,,,,,,,0.01,0.0,0.01,1.0,-0.02,0.03,0.9,0.9
"HENDERSON, NV",8.5,18,25.4,18.9,6.6,2.0,-20.0,26.6,0.8,0.0,0.0,0.0,1.0,-0.02,0.02,1.1,0.9
"BLOOMINGTON, IN",9.2,6,40.3,19.1,21.2,1.0,-25.0,46.2,0.2,0.06,0.04,0.02,3.0,-0.6,0.62,3.1,0.9
"METAIRIE, LA",8.3,11,21.8,15.3,6.4,2.0,-20.0,26.4,0.8,0.01,0.0,0.01,1.0,-0.02,0.03,1.0,0.9
"ROCKFORD, IL",20.2,40,21.4,15.2,6.2,2.0,-20.0,26.2,0.9,0.01,0.0,0.01,1.0,-0.02,0.03,0.8,0.9
"HALES CORNERS, WI",0.0,0,33.0,,,,,,,0.01,0.0,0.01,1.0,-0.02,0.03,0.8,0.8
"CLARKSVILLE, TN",8.7,6,21.1,12.0,9.1,2.0,-20.0,29.1,0.4,0.0,0.0,0.0,1.0,-0.02,0.02,2.0,0.8
"DANVILLE, KY",6.7,1,6.6,4.8,1.8,,,,,0.01,0.0,0.01,1.0,-0.02,0.03,0.8,0.8
"FERNDALE, MI",18.6,8,41.6,18.7,22.9,1.0,-25.0,47.9,0.0,0.02,0.01,0.01,3.0,-0.6,0.61,3.1,0.8
"DECATUR, AL",13.0,7,25.6,15.8,9.8,2.0,-20.0,29.8,0.3,0.0,0.0,0.0,1.0,-0.02,0.02,2.0,0.7
"THE VILLAGES, FL",14.3,3,18.0,11.3,6.7,3.0,-15.0,21.7,1.0,0.0,0.0,0.0,,,,,0.7
"SAN LUIS OBISPO, CA",12.5,4,40.5,17.7,22.8,1.0,-25.0,47.8,0.0,0.14,0.05,0.08,3.0,-0.6,0.68,2.9,0.7
"BOSSIER CITY, LA",18.2,10,19.2,10.0,9.2,3.0,-15.0,24.2,0.5,0.0,0.0,0.0,1.0,-0.02,0.02,1.3,0.7
"NARRAGANSETT, RI",0.0,0,15.7,,,,,,,0.01,0.0,0.01,1.0,-0.02,0.03,0.7,0.7
"BUELLTON, CA",0.0,0,15.7,,,,,,,0.02,0.0,0.02,2.0,-0.05,0.07,0.7,0.7
"CHEYENNE, WY",9.5,7,22.7,14.3,8.3,2.0,-20.0,28.3,0.5,0.01,0.0,0.0,1.0,-0.02,0.02,1.2,0.7
"ALEXANDRIA, MN",0.0,0,19.1,,,,,,,0.02,0.0,0.02,2.0,-0.05,0.07,0.7,0.7
"HILTON HEAD ISLAND, SC",5.0,2,51.3,34.5,16.8,,,,,0.02,0.0,0.02,2.0,-0.05,0.07,0.6,0.6
"BATAVIA, IL",5.9,2,46.4,36.5,9.9,,,,,0.02,0.0,0.02,2.0,-0.05,0.07,0.6,0.6
"WHEELING, WV",11.8,6,22.2,11.9,10.3,2.0,-20.0,30.3,0.2,0.0,0.0,0.0,1.0,-0.02,0.02,1.5,0.5
"MOUNTAIN HOME, AR",0.0,0,14.2,,,,,,,0.01,0.0,0.01,1.0,-0.02,0.03,0.5,0.5
"BURLINGAME, CA",13.9,5,35.5,14.7,20.8,1.0,-25.0,45.8,0.2,0.02,0.0,0.01,2.0,-0.05,0.06,1.1,0.4
"BELLEVUE, NE",8.1,6,26.4,18.2,8.1,2.0,-20.0,28.1,0.6,0.0,0.0,0.0,,,,,0.4
"MELROSE, MA",7.1,3,21.9,10.4,11.6,2.0,-20.0,31.6,0.0,0.01,0.0,0.01,2.0,-0.05,0.06,1.5,0.4
"ESTERO, FL",4.0,1,16.2,6.2,10.0,,,,,0.01,0.0,0.01,1.0,-0.02,0.03,0.4,0.4
"WEST VALLEY CITY, UT",5.8,6,22.0,10.2,11.8,2.0,-20.0,31.8,0.0,0.0,0.0,0.0,1.0,-0.02,0.02,1.3,0.3
"SAN ELIZARIO, TX",0.0,0,15.6,,,,,,,0.0,0.0,0.0,,,,,0.0
"NORTH KANSAS CITY, MO",0.0,0,18.2,,,,,,,0.0,0.0,0.0,,,,,0.0
"VINEYARD, UT",0.0,0,22.5,,,,,,,0.0,0.0,0.0,,,,,0.0
"BOULDER JUNCTION, WI",0.0,0,35.5,,,,,,,0.0,0.0,0.0,,,,,0.0
"BUCKHANNON, WV",11.1,1,26.0,14.8,11.2,,,,,0.0,0.0,0.0,,,,,0.0
"SOLVANG, CA",0.0,0,41.7,,,,,,,0.0,0.0,0.0,,,,,0.0
"MORRISTOWN, NJ",8.3,1,19.9,8.7,11.2,,,,,0.0,0.0,0.0,,,,,0.0
"MELBOURNE BEACH, FL",0.0,0,11.8,,,,,,,0.0,0.0,0.0,,,,,0.0
"MOORESVILLE, NC",7.4,2,7.3,4.8,2.5,,,,,0.0,0.0,0.0,,,,,0.0
"BARTLETT, TN",10.9,6,14.2,2.3,12.0,3.0,-15.0,27.0,0.0,0.0,0.0,0.0,,,,,0.0
"WALLED LAKE, MI",7.1,1,12.1,16.7,-4.6,,,,,0.0,0.0,0.0,,,,,0.0
"PELHAM MANOR, NY",15.4,2,2.7,2.3,0.4,,,,,0.0,0.0,0.0,,,,,0.0
"LEBANON, OH",0.0,0,18.9,,,,,,,0.0,0.0,0.0,,,,,0.0
"CENTERVILLE, OH",0.0,0,22.8,,,,,,,0.0,0.0,0.0,,,,,0.0
"HORN LAKE, MS",3.4,1,21.3,58.0,-36.6,,,,,0.0,0.0,0.0,,,,,0.0
"SPRINGBORO, OH",0.0,0,17.8,,,,,,,0.0,0.0,0.0,,,,,0.0
"MILFORD, NH",0.0,0,11.5,,,,,,,0.0,0.0,0.0,,,,,0.0
"CLERMONT, FL",0.0,0,7.5,,,,,,,0.0,0.0,0.0,,,,,0.0
"WESTLAKE VILLAGE, CA",0.0,0,17.9,,,,,,,0.0,0.0,0.0,,,,,0.0
"OLIVE BRANCH, MS",0.0,0,20.7,,,,,,,0.0,0.0,0.0,,,,,0.0
"BRIELLE, NJ",0.0,0,3.2,,,,,,,0.0,0.0,0.0,,,,,0.0
"TATAMY, PA",0.0,0,6.7,,,,,,,0.0,0.0,0.0,,,,,0.0
"FOXBOROUGH, MA",20.0,1,12.1,11.0,1.2,,,,,0.0,0.0,0.0,,,,,0.0
"HOOKSETT, NH",0.0,0,9.6,,,,,,,0.0,0.0,0.0,,,,,0.0
"PITTSFORD, NY",0.0,0,5.3,,,,,,,0.0,0.0,0.0,,,,,0.0
