City,Average Fatalities All Mode,All Mode Fatality Rate,All Mode Fatality Points,Average Fatalities Bike,Bike Fatality Rate,Bike Fatality Points,All Mode Injuries,All Mode Injury Rate,All Mode Injury Points,Bike Injuries,Bike Injury Rate,Bike Injury Points,All mode safety points,Bike Safety Points,Community Survey Safety Score,Total Safety Points
"SPRINGDALE, AR",6.2,0.8,3.0,0.0,0.0,5.0,,,,,,,1.5,2.5,2.9,2.2
"ENID, OK",3.6,0.7,3.0,0.0,0.0,5.0,,,,,,,1.5,2.5,,1.6
"DUBUQUE, IA",2.2,0.4,4.0,0.0,0.0,5.0,,,,,,,2.0,2.5,2.6,2.3
"SOUTH BEND, IN",14.0,1.4,2.0,0.0,0.0,5.0,,,,,,,1.0,2.5,2.6,1.9
"CRESTED BUTTE, CO",0.0,0.0,5.0,0.0,0.0,5.0,,,,,,,2.5,2.5,3.8,2.8
"KALAMAZOO, MI",5.4,0.7,3.0,0.6,14.9,3.0,,,,,,,1.5,1.5,2.5,1.7
"SPRINGFIELD, MO",17.0,1.0,2.0,1.6,24.9,2.0,,,,,,,1.0,1.0,2.3,1.3
"SAN JUAN CAPISTRANO, CA",2.2,0.6,3.0,0.0,0.0,5.0,,,,,,,1.5,2.5,2.8,2.2
"CHARLOTTESVILLE, VA",0.6,0.1,4.0,0.0,0.0,5.0,,,,,,,2.0,2.5,2.3,2.3
"BENTONVILLE, AR",2.0,0.4,4.0,0.0,0.0,5.0,,,,,,,2.0,2.5,3.1,2.4
"WAUSAU, WI",0.8,0.2,4.0,0.0,0.0,5.0,8.5,2.2,3.0,1.5,174.4,0.0,3.5,2.5,2.7,2.9
"MEDFORD, OR",3.6,0.5,4.0,0.0,0.0,5.0,,,,,,,2.0,2.5,,1.8
"LEWISTON, ME",2.0,0.6,3.0,0.0,0.0,5.0,,,,,,,1.5,2.5,,1.6
"ARCATA, CA",0.8,0.4,4.0,0.0,0.0,5.0,,,,,,,2.0,2.5,,1.8
"JACKSON, WY",0.2,0.2,4.0,0.2,10.0,3.0,,,,,,,2.0,1.5,,1.4
"MARQUETTE, MI",0.0,0.0,5.0,0.0,0.0,5.0,,,,,,,2.5,2.5,3.4,2.7
"PIERRE, SD",0.2,0.1,4.0,0.0,0.0,5.0,,,,,,,2.0,2.5,,1.8
"LOMPOC, CA",0.8,0.2,4.0,0.0,0.0,5.0,9.0,2.1,4.0,1.5,83.8,1.0,4.0,3.0,2.5,3.3
"MIDDLEBURY, VT",0.6,0.9,3.0,0.0,0.0,5.0,,,,,,,1.5,2.5,2.5,2.1
"FORT WAYNE, IN",27.2,1.0,2.0,0.0,0.0,5.0,,,,,,,1.0,2.5,2.7,1.9
"JUNEAU, AK",0.8,0.2,4.0,0.0,0.0,5.0,,,,,,,2.0,2.5,2.9,2.4
"WHEAT RIDGE, CO",2.0,0.6,3.0,0.2,8.8,4.0,,,,,,,1.5,2.0,2.4,1.9
"KAILUA, HI",2.0,0.5,3.0,0.2,4.9,4.0,,,,,,,1.5,2.0,2.2,1.8
"COEUR D'ALENE, ID",,,,,,,,,,,,,2.5,2.5,3.1,2.6
"SOUTH BURLINGTON, VT",0.4,0.2,4.0,0.0,0.0,5.0,,,,,,,2.0,2.5,2.7,2.3
"STILLWATER, OK",1.8,0.4,4.0,0.0,0.0,5.0,,,,,,,2.0,2.5,,1.8
"RAPID CITY, SD",3.8,0.5,3.0,0.0,0.0,5.0,,,,,,,1.5,2.5,2.5,2.1
"MANHATTAN, KS",3.0,0.5,3.0,0.2,3.1,4.0,,,,,,,1.5,2.0,2.8,2.0
"MONTPELIER, VT",0.2,0.3,4.0,0.0,0.0,5.0,,,,,,,2.0,2.5,,1.8
"CARPINTERIA, CA",0.8,0.6,3.0,0.0,0.0,5.0,3.0,2.2,3.0,1.0,70.9,2.0,3.0,3.5,3.0,3.2
"MISSOULA, MT",2.8,0.4,4.0,0.0,0.0,5.0,,,,,,,2.0,2.5,3.0,2.4
"WAUKESHA, WI",2.6,0.4,4.0,0.0,0.0,5.0,,,,,,,2.0,2.5,2.5,2.3
"BOISE, ID",12.8,0.6,3.0,1.0,3.2,4.0,,,,,,,1.5,2.0,2.9,2.0
"MARSHFIELD, WI",0.6,0.3,4.0,0.2,12.6,3.0,,,,,,,2.0,1.5,2.9,2.0
"ASHLAND, WI",0.4,0.5,3.0,0.0,0.0,5.0,,,,,,,1.5,2.5,,1.6
"ORONO, ME",0.4,0.4,4.0,0.0,0.0,5.0,,,,,,,2.0,2.5,3.0,2.4
"TRAVERSE CITY, MI",1.0,0.6,3.0,0.2,7.4,4.0,,,,,,,1.5,2.0,2.9,2.0
"BEND, OR",2.2,0.3,4.0,0.0,0.0,5.0,,,,,,,2.0,2.5,2.5,2.3
"BELLINGHAM, WA",2.2,0.3,4.0,0.4,2.8,4.0,,,,,,,2.0,2.0,2.9,2.2
"TUSTIN, CA",3.6,0.4,4.0,0.0,0.0,5.0,,,,,,,2.0,2.5,2.6,2.3
"GOLDEN, CO",1.0,0.5,3.0,0.0,0.0,5.0,,,,,,,1.5,2.5,2.9,2.2
"BROOKINGS, SD",0.4,0.2,4.0,0.0,0.0,5.0,,,,,,,2.0,2.5,2.9,2.4
"FORT COLLINS, CO",7.0,0.4,4.0,0.4,0.7,4.0,41.0,2.6,3.0,10.0,18.4,4.0,3.5,4.0,3.4,3.7
"GRAND FORKS, ND",1.2,0.2,4.0,0.0,0.0,5.0,,,,,,,2.0,2.5,,1.8
"BRATTLEBORO, VT",1.4,2.0,1.0,0.0,0.0,5.0,,,,,,,0.5,2.5,2.5,1.7
"WATERLOO, WI",0.0,0.0,5.0,0.0,0.0,5.0,,,,,,,2.5,2.5,,2.0
"IOWA CITY, IA",2.0,0.3,4.0,0.0,0.0,5.0,,,,,,,2.0,2.5,2.6,2.3
"PALO ALTO, CA",2.6,0.4,4.0,0.4,1.5,4.0,,,,,,,2.0,2.0,3.0,2.2
"BOZEMAN, MT",0.8,0.2,4.0,0.0,0.0,5.0,,,,,,,2.0,2.5,2.7,2.3
"LOS ALTOS, CA",0.4,0.1,4.0,0.0,0.0,5.0,,,,,,,2.0,2.5,3.1,2.4
"HILLSBORO, OR",2.8,0.3,4.0,0.0,0.0,5.0,63.0,6.2,1.0,1.0,11.5,4.0,2.5,4.5,,2.8
"HELENA, MT",0.4,0.1,4.0,0.2,5.6,4.0,,,,,,,2.0,2.0,,1.6
"BRECKENRIDGE, CO",0.2,0.4,4.0,0.0,0.0,5.0,,,,,,,2.0,2.5,3.5,2.5
"KEY WEST, FL",5.0,2.0,1.0,0.4,2.1,4.0,,,,,,,0.5,2.0,2.7,1.5
"SANTA CRUZ, CA",2.0,0.3,4.0,0.2,0.7,4.0,,,,,,,2.0,2.0,2.4,2.1
"REXBURG, ID",0.2,0.1,4.0,0.0,0.0,5.0,,,,,,,2.0,2.5,2.7,2.3
"LARAMIE, WY",1.4,0.4,4.0,0.0,0.0,5.0,,,,,,,2.0,2.5,3.0,2.4
"OLYMPIA, WA",2.0,0.4,4.0,0.0,0.0,5.0,,,,,,,2.0,2.5,2.4,2.3
"KEENE, NH",2.6,1.1,2.0,0.2,7.0,4.0,,,,,,,1.0,2.0,2.9,1.8
"STEAMBOAT SPRINGS, CO",0.2,0.2,4.0,0.0,0.0,5.0,,,,,,,2.0,2.5,3.2,2.4
"CLEMSON, SC",0.0,0.0,5.0,0.0,0.0,5.0,,,,,,,2.5,2.5,2.2,2.4
"NORTHAMPTON, MA",0.8,0.3,4.0,0.0,0.0,5.0,,,,,,,2.0,2.5,3.1,2.4
"ATHENS, OH",1.2,0.5,3.0,0.0,0.0,5.0,8.0,3.3,2.0,0.0,0.0,5.0,2.5,5.0,3.1,3.6
"MILL VALLEY, CA",0.2,0.1,4.0,0.0,0.0,5.0,,,,,,,2.0,2.5,2.7,2.3
"MURFREESBORO, TN",10.2,0.8,3.0,0.2,6.4,4.0,,,,,,,1.5,2.0,2.0,1.8
"FALMOUTH, MA",2.6,7.2,0.0,0.0,0.0,5.0,,,,,,,0.0,2.5,2.9,1.6
"WINTHROP, WA",0.0,0.0,5.0,0.0,0.0,5.0,,,,,,,2.5,2.5,,2.0
"REDDING, CA",8.0,0.9,2.0,0.6,14.3,3.0,,,,,,,1.0,1.5,2.4,1.5
"WICHITA, KS",34.6,0.9,2.0,0.6,9.5,3.0,,,,,,,1.0,1.5,2.5,1.5
"BOULDER, CO",1.6,0.2,4.0,0.4,0.7,4.0,60.0,5.6,1.0,21.5,35.9,3.0,2.5,3.5,2.9,3.0
"SANTA BARBARA, CA",3.8,0.4,4.0,0.2,0.9,4.0,39.0,4.3,1.0,13.0,60.3,2.0,2.5,3.0,2.7,2.7
"QUINCY, IL",2.6,0.6,3.0,0.0,0.0,5.0,,,,,,,1.5,2.5,2.6,2.1
"FORT SMITH, AR",6.2,0.7,3.0,0.0,0.0,5.0,,,,,,,1.5,2.5,2.2,2.0
"QUEENS, NY",77.0,0.3,4.0,4.0,7.1,4.0,900.5,3.8,2.0,51.5,91.0,1.0,3.0,2.5,2.3,2.7
"AVENTURA, FL",1.6,0.4,4.0,0.0,0.0,5.0,,,,,,,2.0,2.5,,1.8
"MOUNT PLEASANT, SC",4.2,0.5,3.0,0.0,0.0,5.0,,,,,,,1.5,2.5,2.2,2.0
"ANN ARBOR, MI",3.6,0.3,4.0,0.6,2.3,4.0,34.0,2.8,3.0,3.5,13.2,4.0,3.5,4.0,2.4,3.5
"FITCHBURG, WI",1.0,0.4,4.0,0.0,0.0,5.0,13.0,4.7,1.0,2.0,173.9,0.0,2.5,2.5,3.4,2.7
"GRAND ISLAND, NE",3.4,0.7,3.0,0.0,0.0,5.0,,,,,,,1.5,2.5,,1.6
"VENTURA, CA",8.8,0.8,3.0,0.6,11.6,3.0,25.5,2.3,3.0,4.5,87.2,1.0,3.0,2.0,2.6,2.5
"STANFORD, CA",0.0,0.0,5.0,0.0,0.0,5.0,,,,,,,2.5,2.5,,2.0
"OREM, UT",1.8,0.2,4.0,0.2,3.5,4.0,,,,,,,2.0,2.0,2.5,2.1
"TAMPA, FL",50.0,1.4,2.0,3.8,16.5,3.0,,,,,,,1.0,1.5,2.0,1.4
"RUTLAND, VT",0.6,0.4,4.0,0.0,0.0,5.0,,,,,,,2.0,2.5,,1.8
"INDEPENDENCE, MO",11.2,1.0,2.0,0.0,0.0,5.0,,,,,,,1.0,2.5,,1.4
"CARROLLTON, GA",4.6,1.8,1.0,0.2,43.5,2.0,,,,,,,0.5,1.0,,0.6
"LANSING, MI",7.6,0.7,3.0,0.2,5.4,4.0,,,,,,,1.5,2.0,2.4,1.9
"AURORA, IL",7.0,0.3,4.0,0.4,17.5,3.0,,,,,,,2.0,1.5,,1.4
"GOOSE CREEK, SC",3.4,0.8,3.0,0.0,0.0,5.0,,,,,,,1.5,2.5,2.1,2.0
"CHARLESTON, WV",6.6,1.3,2.0,0.2,19.0,3.0,,,,,,,1.0,1.5,1.9,1.4
"TROY, OH",0.4,0.2,4.0,0.0,0.0,5.0,,,,,,,2.0,2.5,,1.8
"KANSAS CITY, KS",19.2,1.3,2.0,0.2,14.4,3.0,,,,,,,1.0,1.5,,1.0
"SANTA MARIA, CA",2.6,0.2,4.0,0.4,14.1,3.0,33.0,3.1,3.0,4.5,158.5,0.0,3.5,1.5,2.0,2.4
"SHAWNEE, KS",2.8,0.4,4.0,0.0,0.0,5.0,,,,,,,2.0,2.5,2.7,2.3
"SAINT PETERSBURG, FL",27.8,1.1,2.0,0.8,4.7,4.0,,,,,,,1.0,2.0,2.5,1.7
"PORTLAND, ME",2.6,0.4,4.0,0.0,0.0,5.0,653.0,97.9,0.0,28.0,320.0,0.0,2.0,2.5,,1.8
"ATHENS, GA",10.0,0.8,3.0,1.0,14.1,3.0,,,,,,,1.5,1.5,2.2,1.6
"FAIRBANKS, AK",5.4,1.7,2.0,0.0,0.0,5.0,,,,,,,1.0,2.5,2.6,1.9
"EMMAUS, PA",0.4,0.4,4.0,0.0,0.0,5.0,,,,,,,2.0,2.5,,1.8
"ALEXANDRIA, VA",3.0,0.2,4.0,0.0,0.0,5.0,,,,,,,2.0,2.5,2.7,2.3
"LA CROSSE, WI",1.6,0.3,4.0,0.0,0.0,5.0,,,,,,,2.0,2.5,2.9,2.4
"TULSA, OK",48.2,1.2,2.0,0.2,3.9,4.0,,,,,,,1.0,2.0,2.2,1.6
"YUMA, AZ",9.8,1.0,2.0,0.2,10.6,3.0,,,,,,,1.0,1.5,,1.0
"RAVENNA, OH",1.6,1.4,2.0,0.0,0.0,5.0,,,,,,,1.0,2.5,,1.4
"PHILADELPHIA, PA",94.8,0.6,3.0,3.2,2.3,4.0,,,,,,,1.5,2.0,2.1,1.8
"SANTA ANA, CA",23.0,0.7,3.0,2.0,13.9,3.0,,,,,,,1.5,1.5,2.2,1.6
"CHICAGO, IL",128.4,0.5,3.0,5.4,2.5,4.0,,,,,,,1.5,2.0,2.4,1.9
"VENICE, FL",2.0,0.9,2.0,0.0,0.0,5.0,,,,,,,1.0,2.5,,1.4
"LITTLETON, CO",1.4,0.3,4.0,0.0,0.0,5.0,,,,,,,2.0,2.5,2.6,2.3
"ROGERS, AR",2.4,0.4,4.0,0.0,0.0,5.0,,,,,,,2.0,2.5,3.2,2.4
"EVANSVILLE, IN",18.6,1.6,2.0,0.6,40.8,2.0,,,,,,,1.0,1.0,2.0,1.2
"SAINT PAUL, MN",9.6,0.3,4.0,0.0,0.0,5.0,,,,,,,2.0,2.5,2.9,2.4
"HARTFORD, CT",9.4,0.8,3.0,0.2,8.6,4.0,,,,,,,1.5,2.0,2.2,1.8
"SYRACUSE, NY",8.6,0.6,3.0,0.6,10.1,3.0,,,,,,,1.5,1.5,2.3,1.7
"BROOKLYN, NY",69.6,0.3,4.0,6.8,3.4,4.0,938.0,3.6,2.0,139.0,69.3,2.0,3.0,3.0,2.2,2.8
"TUSCALOOSA, AL",10.8,1.1,2.0,0.0,0.0,5.0,,,,,,,1.0,2.5,,1.4
"CHICO, CA",4.8,0.5,3.0,0.8,3.7,4.0,30.5,3.4,2.0,2.5,11.5,4.0,2.5,4.0,,2.6
"GOLETA, CA",0.8,0.3,4.0,0.4,7.6,4.0,12.0,3.9,2.0,2.0,38.2,3.0,3.0,3.5,2.9,3.2
"SEMINOLE, FL",2.8,1.5,2.0,0.6,80.0,1.0,,,,,,,1.0,0.5,,0.6
"PITTSBURGH, PA",18.4,0.6,3.0,0.8,2.7,4.0,,,,,,,1.5,2.0,2.5,1.9
"POCATELLO, ID",2.8,0.5,3.0,0.0,0.0,5.0,,,,,,,1.5,2.5,,1.6
"PEORIA, IL",6.6,0.6,3.0,0.0,0.0,5.0,,,,,,,1.5,2.5,2.2,2.0
"BURLINGTON, VT",0.4,0.1,4.0,0.0,0.0,5.0,,,,,,,2.0,2.5,2.7,2.3
"RICHLAND, WA",2.2,0.4,4.0,0.0,0.0,5.0,,,,,,,2.0,2.5,2.8,2.4
"PARADISE, NV",0.0,0.0,5.0,0.0,0.0,5.0,,,,,,,2.5,2.5,,2.0
"ERIE, PA",7.0,0.7,3.0,0.2,9.0,4.0,,,,,,,1.5,2.0,2.3,1.9
"DENVER, CO",47.2,0.7,3.0,2.6,3.2,4.0,616.5,9.1,0.0,38.5,47.6,2.0,1.5,3.0,2.5,2.3
"MASSILLON, OH",1.8,0.6,3.0,0.0,0.0,5.0,,,,,,,1.5,2.5,2.8,2.2
"BISMARCK, ND",2.4,0.3,4.0,0.0,0.0,5.0,,,,,,,2.0,2.5,2.5,2.3
"GAINESVILLE, FL",13.4,1.0,2.0,0.8,2.8,4.0,162.5,12.6,0.0,14.0,49.2,2.0,1.0,3.0,2.4,2.1
"DOVER, DE",4.6,1.2,2.0,0.6,30.5,2.0,,,,,,,1.0,1.0,2.1,1.2
"CRANSTON, RI",4.0,0.5,3.0,0.4,60.6,1.0,,,,,,,1.5,0.5,,0.8
"SAINT CHARLES, MO",3.2,0.5,4.0,0.0,0.0,5.0,,,,,,,2.0,2.5,,1.8
"FORT LAUDERDALE, FL",27.6,1.6,2.0,1.6,13.4,3.0,241.0,13.6,0.0,12.0,100.7,1.0,1.0,2.0,1.9,1.6
"STATEN ISLAND, NY",16.6,0.3,4.0,0.6,16.8,3.0,166.0,3.5,2.0,7.5,210.1,0.0,3.0,1.5,1.9,2.2
"SAINT CLOUD, MN",3.0,0.4,4.0,0.0,0.0,5.0,,,,,,,2.0,2.5,,1.8
"VERO BEACH, FL",1.6,1.0,2.0,0.4,57.1,1.0,,,,,,,1.0,0.5,,0.6
"OLATHE, KS",5.0,0.4,4.0,0.0,0.0,5.0,,,,,,,2.0,2.5,2.5,2.3
"JOHNSON CITY, TN",6.0,0.9,2.0,0.0,0.0,5.0,,,,,,,1.0,2.5,2.3,1.9
"AVONDALE, AZ",5.0,0.6,3.0,0.0,0.0,5.0,,,,,,,1.5,2.5,2.4,2.1
"REDMOND, OR",0.6,0.2,4.0,0.0,0.0,5.0,,,,,,,2.0,2.5,,1.8
"MCDONOUGH, GA",1.2,0.5,3.0,0.2,133.3,0.0,,,,,,,1.5,0.0,,0.6
"BRONX, NY",42.8,0.3,4.0,2.0,8.6,4.0,564.5,3.9,2.0,48.0,207.3,0.0,3.0,2.0,2.3,2.5
"TUCSON, AZ",56.8,1.1,2.0,4.0,5.9,4.0,298.0,5.6,1.0,24.5,36.3,3.0,1.5,3.5,2.9,2.6
"MONROE, LA",8.4,1.7,1.0,1.0,117.6,1.0,,,,,,,0.5,0.5,,0.4
"LAS CRUCES, NM",9.6,1.0,2.0,0.2,3.3,4.0,,,,,,,1.0,2.0,2.3,1.7
"PROVINCETOWN, MA",0.2,0.8,3.0,0.0,0.0,5.0,,,,,,,1.5,2.5,2.5,2.1
"SCHERERVILLE, IN",1.2,0.4,4.0,0.0,0.0,5.0,,,,,,,2.0,2.5,,1.8
"SILVER SPRING, MD",0.0,0.0,5.0,0.0,0.0,5.0,,,,,,,2.5,2.5,2.4,2.5
"ANAHEIM, CA",25.0,0.7,3.0,1.0,9.3,3.0,,,,,,,1.5,1.5,2.1,1.6
"FORT WORTH, TX",84.8,1.0,2.0,1.4,19.2,3.0,,,,,,,1.0,1.5,2.5,1.5
"FLINT, MI",12.6,1.3,2.0,0.2,31.7,2.0,,,,,,,1.0,1.0,2.3,1.3
"STOCKTON, CA",26.6,0.9,3.0,2.6,38.3,2.0,,,,,,,1.5,1.0,,1.0
"LAWRENCE, KS",1.8,0.2,4.0,0.2,3.9,4.0,2.0,0.2,4.0,0.0,0.0,5.0,4.0,4.5,2.7,3.9
"APPLETON, WI",1.8,0.2,4.0,0.2,6.5,4.0,,,,,,,2.0,2.0,2.8,2.2
"RIVERSIDE, CA",28.2,0.9,2.0,1.4,13.3,3.0,,,,,,,1.0,1.5,2.4,1.5
"MONTGOMERY, AL",20.8,1.0,2.0,0.2,26.0,2.0,,,,,,,1.0,1.0,1.8,1.2
"IRVINE, CA",11.4,0.4,4.0,0.0,0.0,5.0,,,,,,,2.0,2.5,3.0,2.4
"NASHUA, NH",4.0,0.5,4.0,0.2,23.8,2.0,,,,,,,2.0,1.0,2.6,1.7
"NEWPORT, RI",1.0,0.4,4.0,0.0,0.0,5.0,,,,,,,2.0,2.5,2.5,2.3
"LITTLE ROCK, AR",20.2,1.0,2.0,0.0,0.0,5.0,,,,,,,1.0,2.5,2.5,1.9
"NEW HAVEN, CT",11.2,0.9,3.0,0.0,0.0,5.0,,,,,,,1.5,2.5,2.4,2.1
"VANCOUVER, WA",9.4,0.5,3.0,0.0,0.0,5.0,,,,,,,1.5,2.5,2.7,2.1
"BUFFALO, NY",12.8,0.5,3.0,0.8,6.7,4.0,,,,,,,1.5,2.0,2.4,1.9
"LEXINGTON, MA",1.2,0.4,4.0,0.0,0.0,5.0,,,,,,,2.0,2.5,,1.8
"AUSTIN, TX",80.0,0.9,3.0,1.4,2.1,4.0,435.5,4.7,1.0,32.5,48.0,2.0,2.0,3.0,2.3,2.5
"SEATTLE, WA",26.2,0.4,4.0,1.4,1.0,4.0,,,,,,,2.0,2.0,2.4,2.1
"HONOLULU, HI",20.8,0.6,3.0,0.4,1.2,4.0,,,,,,,1.5,2.0,2.1,1.8
"SACRAMENTO, CA",50.4,1.0,2.0,5.4,12.4,3.0,,,,,,,1.0,1.5,2.5,1.5
"MIAMI, FL",48.4,1.1,2.0,3.2,15.9,3.0,,,,,,,1.0,1.5,1.8,1.4
"DETROIT, MI",118.0,1.7,1.0,3.6,21.1,3.0,,,,,,,0.5,1.5,2.6,1.3
"CONWAY, AR",4.6,0.7,3.0,0.0,0.0,5.0,,,,,,,1.5,2.5,2.6,2.1
"ANCHORAGE, AK",18.6,0.6,3.0,0.6,3.1,4.0,,,,,,,1.5,2.0,2.3,1.9
"DAVIS, CA",1.2,0.2,4.0,0.0,0.0,5.0,,,,,,,2.0,2.5,3.7,2.5
"SAINT LOUIS, MO",49.8,1.6,2.0,1.0,8.1,4.0,,,,,,,1.0,2.0,2.2,1.6
"CORPUS CHRISTI, TX",25.6,0.8,3.0,0.4,9.7,3.0,,,,,,,1.5,1.5,1.9,1.6
"ROANOKE, VA",7.6,0.8,3.0,0.2,6.0,4.0,,,,,,,1.5,2.0,2.8,2.0
"ALBANY, NY",5.8,0.6,3.0,0.0,0.0,5.0,,,,,,,1.5,2.5,,1.6
"CAMBRIDGE, MA",2.4,0.2,4.0,1.0,2.3,4.0,,,,,,,2.0,2.0,2.6,2.1
"FREDERICK, MD",0.8,0.1,4.0,0.2,7.0,4.0,,,,,,,2.0,2.0,2.6,2.1
"GLENDALE, AZ",24.2,1.0,2.0,0.4,4.2,4.0,,,,,,,1.0,2.0,2.5,1.7
"MENOMONEE FALLS, WI",1.8,0.5,3.0,0.0,0.0,5.0,12.5,3.4,2.0,1.0,357.1,0.0,2.5,2.5,3.0,2.6
"ROCHESTER, MN",3.4,0.3,4.0,0.4,6.1,4.0,,,,,,,2.0,2.0,,1.6
"SPRINGFIELD, VA",0.0,0.0,5.0,0.0,0.0,5.0,,,,,,,2.5,2.5,2.8,2.6
"LAFAYETTE, LA",15.6,1.2,2.0,1.6,22.8,3.0,,,,,,,1.0,1.5,,1.0
"EAST HONOLULU, HI",,,,,,,,,,,,,,,,
"FOLSOM, CA",3.8,0.5,3.0,0.2,8.7,4.0,,,,,,,1.5,2.0,3.3,2.1
"HURST, TX",3.8,1.0,2.0,0.0,0.0,5.0,,,,,,,1.0,2.5,,1.4
"HOUSTON, TX",225.0,1.0,2.0,6.2,11.0,3.0,,,,,,,1.0,1.5,1.9,1.4
"CARLSBAD, CA",6.0,0.5,3.0,0.8,42.8,2.0,,,,,,,1.5,1.0,,1.0
"COLUMBUS, OH",50.0,0.6,3.0,2.2,6.9,4.0,,,,,,,1.5,2.0,2.5,1.9
"ASHEVILLE, NC",14.4,1.6,2.0,0.0,0.0,5.0,,,,,,,1.0,2.5,1.8,1.8
"WARREN, MI",9.6,0.7,3.0,0.2,9.6,3.0,,,,,,,1.5,1.5,2.3,1.7
"NEW YORK, NY",244.6,0.3,4.0,16.0,3.4,4.0,,,,,,,2.0,2.0,,1.6
"GREEN BAY, WI",3.8,0.4,4.0,0.0,0.0,5.0,,,,,,,2.0,2.5,2.6,2.3
"ARLINGTON, TX",27.2,0.7,3.0,1.0,25.4,2.0,,,,,,,1.5,1.0,2.0,1.4
"SPOKANE, WA",11.2,0.5,3.0,1.0,14.6,3.0,,,,,,,1.5,1.5,2.5,1.7
"VIRGINIA BEACH, VA",23.2,0.5,3.0,1.8,13.1,3.0,,,,,,,1.5,1.5,,1.2
"ALBUQUERQUE, NM",66.4,1.2,2.0,1.8,4.8,4.0,,,,,,,1.0,2.0,2.4,1.7
"FAYETTEVILLE, NC",23.2,1.1,2.0,0.2,14.2,3.0,,,,,,,1.0,1.5,1.8,1.4
"SAINT CHARLES, IL",0.8,0.2,4.0,0.0,0.0,5.0,,,,,,,2.0,2.5,,1.8
"ARLINGTON, VA",0.0,0.0,5.0,0.0,0.0,5.0,3.0,0.1,4.0,0.0,0.0,5.0,4.5,5.0,3.0,4.4
"OMAHA, NE",31.6,0.7,3.0,0.0,0.0,5.0,,,,,,,1.5,2.5,2.2,2.0
"CHAMPAIGN, IL",3.6,0.4,4.0,0.4,3.5,4.0,,,,,,,2.0,2.0,2.6,2.1
"MADISON, WI",8.2,0.3,4.0,0.8,1.2,4.0,102.5,4.1,2.0,6.5,9.5,4.0,3.0,4.0,3.2,3.4
"ROCHESTER, NY",12.8,0.6,3.0,1.0,10.1,3.0,195.0,9.3,0.0,12.5,125.9,0.0,1.5,1.5,2.5,1.7
"SAVANNAH, GA",25.0,1.7,1.0,1.2,9.0,4.0,,,,,,,0.5,2.0,1.9,1.4
"SCOTTS VALLEY, CA",0.0,0.0,5.0,0.0,0.0,5.0,,,,,,,2.5,2.5,,2.0
"KINGSTON, NY",2.4,1.0,2.0,0.0,0.0,5.0,,,,,,,1.0,2.5,2.4,1.9
"HARRISBURG, PA",4.4,0.9,2.0,0.0,0.0,5.0,,,,,,,1.0,2.5,2.3,1.9
"SAN FRANCISCO, CA",31.6,0.4,4.0,2.4,1.2,4.0,,,,,,,2.0,2.0,2.3,2.1
"CLEVELAND, OH",36.2,0.9,2.0,0.2,2.1,4.0,,,,,,,1.0,2.0,2.4,1.7
"BARBERTON, OH",1.0,0.4,4.0,0.0,0.0,5.0,,,,,,,2.0,2.5,,1.8
"LAKE CHARLES, LA",14.2,1.9,1.0,0.6,19.8,3.0,,,,,,,0.5,1.5,,0.8
"MOBILE, AL",26.6,1.4,2.0,1.0,84.0,1.0,,,,,,,1.0,0.5,1.7,0.9
"FEDERAL WAY, WA",5.8,0.6,3.0,0.2,19.0,3.0,25.0,2.6,3.0,0.5,47.6,3.0,3.0,3.0,,2.4
"JACKSON, MS",23.4,1.4,2.0,0.2,50.0,2.0,,,,,,,1.0,1.0,1.9,1.2
"CHATTANOOGA, TN",26.8,1.5,2.0,0.8,22.2,3.0,,,,,,,1.0,1.5,2.6,1.5
"AURORA, CO",23.8,0.7,3.0,0.6,21.5,3.0,,,,,,,1.5,1.5,2.6,1.7
"NEW ORLEANS, LA",50.4,1.3,2.0,4.2,7.5,4.0,,,,,,,1.0,2.0,2.0,1.6
"REDWOOD CITY, CA",2.0,0.2,4.0,0.0,0.0,5.0,,,,,,,2.0,2.5,2.3,2.3
"LINCOLN, NE",10.0,0.4,4.0,0.4,2.0,4.0,,,,,,,2.0,2.0,3.1,2.2
"PROVIDENCE, RI",9.2,0.5,3.0,0.0,0.0,5.0,,,,,,,1.5,2.5,2.3,2.1
"PROVO, UT",3.8,0.3,4.0,1.0,6.5,4.0,,,,,,,2.0,2.0,2.6,2.1
"GRESHAM, OR",4.6,0.4,4.0,0.4,10.7,3.0,,,,,,,2.0,1.5,,1.4
"DALLAS, TX",171.2,1.3,2.0,1.0,6.8,4.0,,,,,,,1.0,2.0,2.2,1.6
"WASHINGTON, DC",24.8,0.4,4.0,1.0,0.6,4.0,330.0,4.9,1.0,52.5,32.3,3.0,2.5,3.5,2.4,2.9
"NEWARK, NJ",23.6,0.8,3.0,0.8,30.2,2.0,,,,,,,1.5,1.0,,1.0
"HUNTSVILLE, AL",17.8,0.9,2.0,0.0,0.0,5.0,126.5,6.6,0.0,3.5,140.6,0.0,1.0,2.5,2.0,1.8
"PORT CHESTER, NY",0.6,0.2,4.0,0.0,,,,,,,,,2.0,,,0.8
"JACKSON, TN",5.8,0.9,3.0,0.0,0.0,5.0,,,,,,,1.5,2.5,,1.6
"FREMONT, CA",10.6,0.5,4.0,0.6,12.5,3.0,,,,,,,2.0,1.5,2.6,1.9
"SHREVEPORT, LA",22.2,1.1,2.0,0.6,30.5,2.0,,,,,,,1.0,1.0,1.9,1.2
"MARIETTA, GA",10.6,1.8,1.0,0.8,275.9,0.0,,,,,,,0.5,0.0,1.9,0.6
"CORVALLIS, OR",1.4,0.2,4.0,0.0,0.0,5.0,,,,,,,2.0,2.5,3.3,2.5
"SAN ANTONIO, TX",162.2,1.1,2.0,4.0,26.6,2.0,,,,,,,1.0,1.0,2.1,1.2
"BANGOR, ME",1.4,0.4,4.0,0.0,0.0,5.0,,,,,,,2.0,2.5,2.4,2.3
"DELAWARE, OH",1.8,0.5,3.0,0.0,0.0,5.0,,,,,,,1.5,2.5,,1.6
"LAS VEGAS, NV",46.2,0.7,3.0,1.6,15.6,3.0,,,,,,,1.5,1.5,2.0,1.6
"BELLA VISTA, AR",1.8,0.6,3.0,0.0,0.0,5.0,,,,,,,1.5,2.5,3.3,2.3
"STERLING HEIGHTS, MI",6.8,0.5,3.0,0.0,0.0,5.0,,,,,,,1.5,2.5,2.8,2.2
"SOUTHAVEN, MS",4.2,0.8,3.0,0.0,0.0,5.0,,,,,,,1.5,2.5,,1.6
"REVERE, MA",1.2,0.2,4.0,0.0,0.0,5.0,,,,,,,2.0,2.5,,1.8
"MACON, GA",23.0,1.5,2.0,0.2,54.1,1.0,,,,,,,1.0,0.5,1.7,0.9
"EUGENE, OR",5.2,0.3,4.0,0.4,0.8,4.0,21.0,1.3,4.0,1.5,3.0,4.0,4.0,4.0,3.0,3.8
"TOLEDO, OH",23.6,0.8,3.0,0.6,28.4,2.0,,,,,,,1.5,1.0,2.2,1.4
"REDMOND, WA",2.0,0.3,4.0,0.2,5.4,4.0,,,,,,,2.0,2.0,2.8,2.2
"HICKORY, NC",5.4,1.3,2.0,0.2,34.5,2.0,,,,,,,1.0,1.0,,0.8
"HOOVER, AL",6.0,0.7,3.0,0.0,0.0,5.0,,,,,,,1.5,2.5,,1.6
"BILLINGS, MT",4.4,0.4,4.0,0.4,11.6,3.0,,,,,,,2.0,1.5,2.4,1.9
"SAN JOSE, CA",55.4,0.5,3.0,3.4,7.5,4.0,,,,,,,1.5,2.0,2.5,1.9
"PINE BLUFF, AR",4.6,1.0,2.0,0.0,,,,,,,,,1.0,,,0.4
"LEXINGTON, KY",31.6,1.0,2.0,0.4,3.4,4.0,,,,,,,1.0,2.0,2.4,1.7
"SOMERVILLE, MA",0.4,0.1,4.0,0.0,0.0,5.0,,,,,,,2.0,2.5,2.5,2.3
"GARY, IN",14.6,1.9,1.0,0.0,0.0,5.0,,,,,,,0.5,2.5,,1.2
"WILMINGTON, DE",5.2,0.7,3.0,0.0,0.0,5.0,,,,,,,1.5,2.5,2.4,2.1
"MILWAUKEE, WI",55.4,0.9,2.0,0.6,2.3,4.0,343.5,5.7,1.0,9.0,34.0,3.0,1.5,3.5,2.7,2.5
"MOUNT VERNON, NY",1.0,0.1,4.0,0.0,0.0,5.0,,,,,,,2.0,2.5,,1.8
"MEMPHIS, TN",100.2,1.5,2.0,1.4,21.5,3.0,710.5,10.9,0.0,5.0,76.7,1.0,1.0,2.0,2.4,1.7
"FARGO, ND",2.2,0.2,4.0,0.4,6.5,4.0,,,,,,,2.0,2.0,2.6,2.1
"BIRMINGHAM, AL",37.8,1.8,1.0,0.2,6.8,4.0,,,,,,,0.5,2.0,2.0,1.4
"GREAT FALLS, MT",1.2,0.2,4.0,0.0,0.0,5.0,,,,,,,2.0,2.5,,1.8
"CAMDEN, NJ",6.4,0.8,3.0,0.0,0.0,5.0,,,,,,,1.5,2.5,2.4,2.1
"LENEXA, KS",5.0,1.0,2.0,0.0,0.0,5.0,12.5,2.4,3.0,0.5,111.1,1.0,2.5,3.0,2.3,2.7
"LOS ANGELES, CA",256.2,0.6,3.0,15.2,7.0,4.0,,,,,,,1.5,2.0,1.9,1.8
"LOUISVILLE, KY",81.2,1.3,2.0,1.6,14.3,3.0,,,,,,,1.0,1.5,2.3,1.5
"WATERBURY, CT",12.6,1.2,2.0,0.2,1000.0,0.0,,,,,,,1.0,0.0,,0.4
"RALEIGH, NC",34.2,0.8,3.0,0.8,8.1,4.0,,,,,,,1.5,2.0,2.4,1.9
"SAN BERNARDINO, CA",29.4,1.4,2.0,1.2,36.9,2.0,,,,,,,1.0,1.0,,0.8
"BATON ROUGE, LA",40.2,1.8,1.0,1.8,26.6,2.0,,,,,,,0.5,1.0,1.6,0.9
"JOLIET, IL",5.6,0.4,4.0,0.2,26.7,2.0,,,,,,,2.0,1.0,,1.2
"REDLANDS, CA",4.2,0.6,3.0,0.0,0.0,5.0,,,,,,,1.5,2.5,2.9,2.2
"NAPA, CA",1.8,0.2,4.0,0.0,0.0,5.0,,,,,,,2.0,2.5,,1.8
"ROSWELL, NM",2.4,0.5,3.0,0.0,0.0,5.0,,,,,,,1.5,2.5,,1.6
"GRAND RAPIDS, MI",11.0,0.6,3.0,0.8,8.0,4.0,,,,,,,1.5,2.0,2.6,1.9
"PATERSON, NJ",6.0,0.4,4.0,0.4,,,,,,,,,2.0,,,0.8
"STAMFORD, CT",6.6,0.5,3.0,0.4,13.8,3.0,,,,,,,1.5,1.5,2.1,1.6
"WORCESTER, MA",9.0,0.5,3.0,0.0,0.0,5.0,,,,,,,1.5,2.5,2.1,2.0
"DAYTON, OH",20.2,1.4,2.0,1.2,50.0,2.0,,,,,,,1.0,1.0,3.1,1.4
"INDIANAPOLIS, IN",89.0,1.0,2.0,3.0,15.8,3.0,,,,,,,1.0,1.5,2.4,1.5
"GREENVILLE, SC",10.0,1.6,2.0,0.2,8.3,4.0,,,,,,,1.0,2.0,2.7,1.7
"JERSEY CITY, NJ",8.6,0.3,4.0,0.8,14.4,3.0,,,,,,,2.0,1.5,2.0,1.8
"CHARLOTTE, NC",78.4,0.9,2.0,1.4,14.6,3.0,,,,,,,1.0,1.5,2.0,1.4
"ORLANDO, FL",33.0,1.2,2.0,1.4,16.1,3.0,182.5,6.8,0.0,8.0,92.0,1.0,1.0,2.0,2.1,1.6
"COLUMBIA, MD",0.0,0.0,5.0,0.0,0.0,5.0,,,,,,,2.5,2.5,2.7,2.5
"IDAHO FALLS, ID",4.4,0.7,3.0,0.4,18.3,3.0,,,,,,,1.5,1.5,,1.2
"WINSTON-SALEM, NC",22.2,0.9,2.0,0.0,0.0,5.0,,,,,,,1.0,2.5,2.3,1.9
"OKLAHOMA CITY, OK",82.8,1.3,2.0,2.2,39.4,2.0,,,,,,,1.0,1.0,2.3,1.3
"CARMEL, IN",2.2,0.2,4.0,0.0,0.0,5.0,176.0,19.9,0.0,7.5,961.5,0.0,2.0,2.5,3.2,2.4
"FAYETTEVILLE, AR",5.6,0.7,3.0,0.0,0.0,5.0,,,,,,,1.5,2.5,3.2,2.2
"RACINE, WI",4.0,0.5,3.0,0.0,0.0,5.0,,,,,,,1.5,2.5,2.4,2.1
"OVERLAND PARK, KS",6.0,0.3,4.0,0.0,0.0,5.0,,,,,,,2.0,2.5,2.4,2.3
"MANCHESTER, NH",6.2,0.6,3.0,0.2,8.3,4.0,,,,,,,1.5,2.0,2.4,1.9
"BOSTON, MA",21.4,0.3,4.0,0.4,0.5,4.0,,,,,,,2.0,2.0,1.9,2.0
"BETHEL, CT",0.6,0.6,3.0,0.2,45.5,2.0,,,,,,,1.5,1.0,2.4,1.5
"FISHERS, IN",2.4,0.3,4.0,0.4,85.1,1.0,,,,,,,2.0,0.5,,1.0
"SPRINGFIELD, MA",11.2,0.7,3.0,0.2,10.4,3.0,,,,,,,1.5,1.5,,1.2
"MINNEAPOLIS, MN",14.8,0.4,4.0,1.4,1.5,4.0,218.5,5.3,1.0,22.5,23.8,3.0,2.5,3.5,3.1,3.0
"SAN JUAN, PR",31.2,0.9,2.0,0.6,7.4,4.0,,,,,,,1.0,2.0,,1.2
"ATLANTA, GA",56.4,1.2,2.0,0.6,2.8,4.0,,,,,,,1.0,2.0,2.0,1.6
"LOWELL, MA",3.4,0.3,4.0,0.0,0.0,5.0,,,,,,,2.0,2.5,2.2,2.2
"KEARNEY, NE",0.6,0.2,4.0,0.0,0.0,5.0,,,,,,,2.0,2.5,2.8,2.4
"BLOOMINGTON, MN",3.2,0.4,4.0,0.0,0.0,5.0,,,,,,,2.0,2.5,2.8,2.4
"CHANDLER, AZ",13.6,0.6,3.0,1.0,9.9,3.0,,,,,,,1.5,1.5,2.6,1.7
"RICHARDSON, TX",6.4,0.6,3.0,0.4,30.8,2.0,,,,,,,1.5,1.0,2.5,1.5
"KANSAS CITY, MO",66.4,1.4,2.0,1.6,26.2,2.0,,,,,,,1.0,1.0,2.2,1.2
"KENT, WA",7.8,0.6,3.0,0.0,0.0,5.0,,,,,,,1.5,2.5,,1.6
"DES MOINES, IA",14.0,0.7,3.0,0.2,5.0,4.0,,,,,,,1.5,2.0,3.0,2.0
"NORWALK, CT",4.8,0.5,3.0,0.0,0.0,5.0,24.0,2.7,3.0,0.5,22.8,3.0,3.0,4.0,,2.8
"URBANA, IL",2.0,0.5,3.0,0.0,0.0,5.0,,,,,,,1.5,2.5,3.1,2.2
"ALMA, MI",0.8,0.9,2.0,0.2,111.1,1.0,,,,,,,1.0,0.5,,0.6
"SALEM, OR",10.0,0.6,3.0,0.0,0.0,5.0,,,,,,,1.5,2.5,2.5,2.1
"DUBLIN, OH",2.4,0.5,3.0,0.0,0.0,5.0,,,,,,,1.5,2.5,3.4,2.3
"MELBOURNE, FL",11.8,1.5,2.0,2.0,51.8,1.0,,,,,,,1.0,0.5,2.0,1.0
"LONG BEACH, CA",28.4,0.6,3.0,0.6,2.7,4.0,125.5,2.7,3.0,11.0,50.0,2.0,3.0,3.0,2.6,2.9
"OWENSBORO, KY",4.0,0.7,3.0,0.4,26.1,2.0,,,,,,,1.5,1.0,,1.0
"NASHVILLE, TN",63.0,1.0,2.0,0.4,5.6,4.0,,,,,,,1.0,2.0,2.1,1.6
"WINFIELD, IL",0.0,0.0,5.0,0.0,0.0,5.0,,,,,,,2.5,2.5,,2.0
"GREENSBORO, NC",28.2,1.0,2.0,0.4,15.2,3.0,,,,,,,1.0,1.5,2.2,1.4
"CASPER, WY",5.8,1.0,2.0,0.2,12.8,3.0,,,,,,,1.0,1.5,,1.0
"SALT LAKE CITY, UT",17.0,0.9,2.0,0.6,2.2,4.0,,,,,,,1.0,2.0,2.6,1.7
"WEST CHESTER, PA",0.2,0.1,4.0,0.0,0.0,5.0,,,,,,,2.0,2.5,2.3,2.3
"NEWPORT NEWS, VA",13.6,0.8,3.0,0.0,0.0,5.0,,,,,,,1.5,2.5,2.2,2.0
"COLUMBUS, IN",12.2,2.6,1.0,0.0,0.0,5.0,,,,,,,0.5,2.5,3.2,1.8
"RIDGELAND, MS",1.4,0.6,3.0,0.0,0.0,5.0,,,,,,,1.5,2.5,3.1,2.2
"TALLAHASSEE, FL",14.0,0.7,3.0,0.4,4.6,4.0,,,,,,,1.5,2.0,2.2,1.8
"ROCKVILLE, MD",0.2,0.0,4.0,0.0,0.0,5.0,,,,,,,2.0,2.5,2.5,2.3
"WEST HARTFORD, CT",2.4,0.4,4.0,0.0,0.0,5.0,,,,,,,2.0,2.5,2.2,2.2
"BAKERSFIELD, CA",37.6,1.0,2.0,2.0,28.0,2.0,,,,,,,1.0,1.0,2.1,1.2
"BALTIMORE, MD",33.2,0.5,3.0,0.8,3.5,4.0,410.5,6.6,1.0,14.0,60.7,2.0,2.0,3.0,1.7,2.3
"CINCINNATI, OH",24.8,0.8,3.0,0.2,2.9,4.0,,,,,,,1.5,2.0,2.1,1.8
"CHARLESTON, SC",23.6,1.8,1.0,1.0,4.9,4.0,,,,,,,0.5,2.0,1.9,1.4
"SANTA FE, NM",7.2,0.9,3.0,0.0,0.0,5.0,,,,,,,1.5,2.5,2.4,2.1
"BROKEN ARROW, OK",6.0,0.6,3.0,0.0,0.0,5.0,,,,,,,1.5,2.5,,1.6
"BETTENDORF, IA",1.0,0.3,4.0,0.0,0.0,5.0,,,,,,,2.0,2.5,3.0,2.4
"PHOENIX, AZ",204.0,1.3,2.0,8.8,16.6,3.0,,,,,,,1.0,1.5,2.2,1.4
"RIO RANCHO, NM",1.4,0.2,4.0,0.0,0.0,5.0,,,,,,,2.0,2.5,,1.8
"SCRANTON, PA",5.0,0.7,3.0,0.0,0.0,5.0,,,,,,,1.5,2.5,,1.6
"GILBERT, AZ",9.0,0.4,4.0,0.8,11.8,3.0,,,,,,,2.0,1.5,,1.4
"HIGH POINT, NC",,,,,,,,,,,,,2.5,2.5,1.8,2.4
"BRIDGEPORT, CT",9.4,0.6,3.0,0.0,0.0,5.0,,,,,,,1.5,2.5,2.1,2.0
"SCOTTSDALE, AZ",15.0,0.6,3.0,0.4,3.5,4.0,,,,,,,1.5,2.0,2.7,1.9
"STATE COLLEGE, PA",1.2,0.3,4.0,0.0,0.0,5.0,,,,,,,2.0,2.5,2.9,2.4
"OAKLAND, CA",26.4,0.6,3.0,1.0,1.7,4.0,,,,,,,1.5,2.0,2.2,1.8
"HATTIESBURG, MS",7.8,1.7,2.0,0.0,0.0,5.0,,,,,,,1.0,2.5,2.4,1.9
"MAPLE GROVE, MN",1.0,0.1,4.0,0.0,0.0,5.0,,,,,,,2.0,2.5,,1.8
"HAMMOND, IN",7.2,0.9,2.0,0.2,21.5,3.0,,,,,,,1.0,1.5,,1.0
"TACOMA, WA",16.4,0.8,3.0,0.2,3.1,4.0,,,,,,,1.5,2.0,2.3,1.9
"PLANO, TX",12.4,0.4,4.0,0.2,12.6,3.0,,,,,,,2.0,1.5,2.7,1.9
"NEWBURYPORT, MA",0.4,0.2,4.0,0.0,0.0,5.0,,,,,,,2.0,2.5,3.1,2.4
"COLORADO SPRINGS, CO",31.2,0.7,3.0,0.4,3.0,4.0,91.5,2.0,4.0,8.5,62.8,2.0,3.5,3.0,2.5,3.1
"DOWNERS GROVE, IL",0.6,0.1,4.0,0.0,0.0,5.0,,,,,,,2.0,2.5,2.7,2.3
"SPRINGFIELD, IL",9.2,0.8,3.0,0.0,0.0,5.0,,,,,,,1.5,2.5,2.3,2.1
"OXFORD, MS",1.2,0.5,3.0,0.0,0.0,5.0,,,,,,,1.5,2.5,,1.6
"COLUMBUS, GA",19.2,1.0,2.0,0.2,11.0,3.0,,,,,,,1.0,1.5,,1.0
"THORNTON, CO",6.8,0.5,3.0,0.2,28.6,2.0,,,,,,,1.5,1.0,,1.0
"PAWTUCKET, RI",3.2,0.4,4.0,0.0,0.0,5.0,,,,,,,2.0,2.5,2.4,2.3
"KNOXVILLE, TN",31.4,1.7,2.0,0.2,3.3,4.0,253.0,13.7,0.0,5.5,90.8,1.0,1.0,2.5,2.5,1.9
"ALBANY, GA",8.0,1.1,2.0,0.0,,,,,,,,,1.0,,,0.4
"NORFOLK, VA",19.6,0.8,3.0,0.2,2.1,4.0,,,,,,,1.5,2.0,2.3,1.9
"MORGAN HILL, CA",2.2,0.5,3.0,0.0,0.0,5.0,,,,,,,1.5,2.5,2.8,2.2
"HIGHLAND PARK, IL",0.6,0.2,4.0,0.0,0.0,5.0,11.0,3.7,2.0,1.0,153.8,0.0,3.0,2.5,2.9,2.8
"COLUMBIA, MO",8.8,0.7,3.0,0.2,2.4,4.0,,,,,,,1.5,2.0,2.9,2.0
"BURLINGTON, IA",0.6,0.2,4.0,0.0,0.0,5.0,,,,,,,2.0,2.5,2.2,2.2
"TOPEKA, KS",13.0,1.0,2.0,0.6,29.6,2.0,,,,,,,1.0,1.0,2.5,1.3
"DURHAM, NC",17.6,0.7,3.0,0.8,8.2,4.0,53.0,2.1,4.0,1.0,10.2,4.0,3.5,4.0,2.2,3.4
"MORGANTOWN, WV",8.4,2.8,1.0,0.0,0.0,5.0,,,,,,,0.5,2.5,2.2,1.6
"AMES, IA",0.8,0.1,4.0,0.0,0.0,5.0,,,,,,,2.0,2.5,2.7,2.3
"YOUNGSTOWN, OH",8.2,1.3,2.0,0.2,87.0,1.0,,,,,,,1.0,0.5,,0.6
"BILOXI, MS",4.8,1.1,2.0,0.2,47.6,2.0,,,,,,,1.0,1.0,2.3,1.3
"AUBURN, AL",2.0,0.3,4.0,0.0,0.0,5.0,,,,,,,2.0,2.5,2.7,2.3
"LIVONIA, MI",2.8,0.3,4.0,0.2,21.3,3.0,,,,,,,2.0,1.5,,1.4
"PORTLAND, OR",36.8,0.6,3.0,2.6,1.2,4.0,281.0,4.5,1.0,15.0,6.9,4.0,2.0,4.0,2.7,2.9
"MERIDIAN, MS",4.6,1.2,2.0,0.0,0.0,5.0,,,,,,,1.0,2.5,,1.4
"AUGUSTA, GA",23.8,1.2,2.0,0.8,33.1,2.0,,,,,,,1.0,1.0,2.1,1.2
"DULUTH, MN",3.0,0.3,4.0,0.2,6.5,4.0,,,,,,,2.0,2.0,2.7,2.1
"DAVENPORT, IA",9.0,0.9,2.0,0.0,0.0,5.0,,,,,,,1.0,2.5,2.5,1.9
"RICHMOND, VA",14.2,0.6,3.0,0.0,0.0,5.0,,,,,,,1.5,2.5,2.4,2.1
"SANTA ROSA, CA",8.4,0.5,3.0,0.0,0.0,5.0,,,,,,,1.5,2.5,2.3,2.1
"JANESVILLE, WI",3.2,0.5,3.0,0.0,0.0,5.0,,,,,,,1.5,2.5,3.2,2.2
"HUNTINGTON, WV",6.6,1.4,2.0,0.0,0.0,5.0,,,,,,,1.0,2.5,,1.4
"NEWINGTON, CT",1.8,0.6,3.0,0.0,0.0,5.0,,,,,,,1.5,2.5,,1.6
"AKRON, OH",13.6,0.7,3.0,0.8,137.9,0.0,,,,,,,1.5,0.0,2.6,1.1
"NORTHFIELD, NJ",0.6,0.7,3.0,0.4,148.1,0.0,,,,,,,1.5,0.0,,0.6
"WEST FARGO, ND",0.2,0.1,4.0,0.0,0.0,5.0,,,,,,,2.0,2.5,,1.8
"NORTH PLATTE, NE",0.8,0.3,4.0,0.0,0.0,5.0,,,,,,,2.0,2.5,,1.8
"JACKSONVILLE, FL",130.2,1.5,2.0,5.0,23.2,2.0,,,,,,,1.0,1.0,1.7,1.1
"NEWARK, DE",2.4,0.7,3.0,0.0,0.0,5.0,,,,,,,1.5,2.5,2.7,2.1
"EVANSTON, IL",1.4,0.2,4.0,0.6,5.5,4.0,,,,,,,2.0,2.0,3.0,2.2
"CANTON, OH",8.0,1.1,2.0,0.0,0.0,5.0,,,,,,,1.0,2.5,2.1,1.8
"PEACHTREE CITY, GA",1.0,0.3,4.0,0.0,0.0,5.0,,,,,,,2.0,2.5,,1.8
"WAXHAW, NC",0.6,0.4,4.0,0.0,0.0,5.0,,,,,,,2.0,2.5,,1.8
"SIOUX FALLS, SD",5.2,0.3,4.0,0.4,9.3,4.0,,,,,,,2.0,2.0,2.8,2.2
"DUNWOODY, GA",2.2,0.5,4.0,0.0,0.0,5.0,,,,,,,2.0,2.5,,1.8
"PADUCAH, KY",4.2,1.7,2.0,0.2,80.0,1.0,,,,,,,1.0,0.5,2.3,1.1
"BELLEVUE, WA",3.6,0.3,4.0,0.0,0.0,5.0,,,,,,,2.0,2.5,2.6,2.3
"CHULA VISTA, CA",11.4,0.4,4.0,1.0,29.3,2.0,,,,,,,2.0,1.0,2.5,1.7
"MESA, AZ",36.2,0.8,3.0,2.0,9.7,3.0,,,,,,,1.5,1.5,2.4,1.7
"FAIRFIELD, CA",8.4,0.7,3.0,0.6,22.8,3.0,,,,,,,1.5,1.5,,1.2
"LIVERMORE, CA",4.0,0.5,4.0,0.0,0.0,5.0,,,,,,,2.0,2.5,,1.8
"TUPELO, MS",5.6,1.5,2.0,0.0,,,,,,,,,1.0,,2.4,0.9
"PEORIA, AZ",10.2,0.6,3.0,0.2,9.8,3.0,,,,,,,1.5,1.5,2.7,1.7
"GULFPORT, MS",5.8,0.8,3.0,0.0,0.0,5.0,,,,,,,1.5,2.5,,1.6
"EL PASO, TX",53.8,0.8,3.0,0.2,3.4,4.0,,,,,,,1.5,2.0,2.1,1.8
"TRENTON, NJ",5.4,0.6,3.0,0.2,21.3,3.0,,,,,,,1.5,1.5,,1.2
"EUCLID, OH",2.8,0.6,3.0,0.0,0.0,5.0,,,,,,,1.5,2.5,2.8,2.2
"EAU CLAIRE, WI",2.2,0.3,4.0,0.0,0.0,5.0,,,,,,,2.0,2.5,3.0,2.4
"MANHATTAN, NY",43.0,0.3,4.0,3.0,1.6,4.0,580.5,3.5,2.0,97.5,52.3,2.0,3.0,3.0,2.2,2.8
"BOWLING GREEN, KY",4.8,0.7,3.0,0.0,0.0,5.0,,,,,,,1.5,2.5,2.1,2.0
"LAKEWOOD, CO",11.2,0.7,3.0,0.4,7.7,4.0,,,,,,,1.5,2.0,2.6,1.9
"FRESNO, CA",27.4,0.5,3.0,1.4,7.8,4.0,,,,,,,1.5,2.0,2.2,1.8
"WARWICK, RI",5.4,0.7,3.0,0.0,0.0,5.0,,,,,,,1.5,2.5,,1.6
"SIMI VALLEY, CA",3.4,0.3,4.0,0.2,8.7,4.0,,,,,,,2.0,2.0,,1.6
"O'FALLON, MO",,,,,,,,,,,,,2.5,2.5,2.5,2.5
"WEST JORDAN, UT",3.8,0.3,4.0,0.0,0.0,5.0,,,,,,,2.0,2.5,,1.8
"GILLETTE, WY",1.8,0.6,3.0,0.0,0.0,5.0,,,,,,,1.5,2.5,,1.6
"NEW ULM, MN",0.4,0.3,4.0,0.0,0.0,5.0,,,,,,,2.0,2.5,3.2,2.4
"KALISPELL, MT",0.6,0.3,4.0,0.0,0.0,5.0,,,,,,,2.0,2.5,2.4,2.3
"MERIDIAN, ID",2.4,0.3,4.0,0.0,0.0,5.0,,,,,,,2.0,2.5,,1.8
"HILO, HI",4.0,0.9,2.0,0.2,20.6,3.0,,,,,,,1.0,1.5,,1.0
"PORTSMOUTH, NH",1.2,0.6,3.0,0.0,0.0,5.0,,,,,,,1.5,2.5,2.5,2.1
"MONTEBELLO, CA",4.6,0.7,3.0,0.4,28.6,2.0,,,,,,,1.5,1.0,,1.0
"CONCORD, NH",2.4,0.6,3.0,0.0,0.0,5.0,,,,,,,1.5,2.5,2.9,2.2
"ROSWELL, GA",6.2,0.7,3.0,0.2,32.8,2.0,,,,,,,1.5,1.0,2.4,1.5
"TEMPE, AZ",21.4,1.2,2.0,0.8,2.3,4.0,,,,,,,1.0,2.0,2.6,1.7
"RENO, NV",16.6,0.7,3.0,0.8,8.4,4.0,,,,,,,1.5,2.0,2.5,1.9
"BEAVERTON, OR",3.8,0.4,4.0,0.0,0.0,5.0,,,,,,,2.0,2.5,2.7,2.3
"BURKE, VA",0.0,0.0,5.0,0.0,0.0,5.0,,,,,,,2.5,2.5,2.7,2.5
"CEDAR RAPIDS, IA",4.6,0.4,4.0,0.0,0.0,5.0,,,,,,,2.0,2.5,2.9,2.4
"FRANKLIN, TN",3.2,0.4,4.0,0.0,0.0,5.0,,,,,,,2.0,2.5,,1.8
"SILOAM SPRINGS, AR",1.0,0.6,3.0,0.0,0.0,5.0,,,,,,,1.5,2.5,2.8,2.2
"BUTTE, MT",1.8,0.5,3.0,0.0,0.0,5.0,,,,,,,1.5,2.5,,1.6
"CONCORD, NC",8.2,0.9,2.0,0.0,0.0,5.0,,,,,,,1.0,2.5,,1.4
"COLUMBIA, SC",18.8,1.4,2.0,0.8,23.3,2.0,,,,,,,1.0,1.0,1.6,1.1
"RICHFIELD, UT",0.8,1.1,2.0,0.0,0.0,5.0,,,,,,,1.0,2.5,,1.4
"SIOUX CITY, IA",6.8,0.8,3.0,0.0,0.0,5.0,,,,,,,1.5,2.5,2.3,2.1
"LONGMONT, CO",4.2,0.5,4.0,0.8,16.7,3.0,,,,,,,2.0,1.5,2.7,1.9
"NORTH LITTLE ROCK, AR",9.6,1.5,2.0,0.0,0.0,5.0,,,,,,,1.0,2.5,2.5,1.9
"CHESAPEAKE, VA",14.8,0.6,3.0,0.6,22.8,3.0,,,,,,,1.5,1.5,2.1,1.6
"KENNER, LA",4.2,0.6,3.0,0.0,0.0,5.0,,,,,,,1.5,2.5,,1.6
"SAN DIEGO, CA",85.2,0.6,3.0,2.0,2.9,4.0,152.0,1.1,4.0,17.0,24.6,3.0,3.5,3.5,2.4,3.3
"EDWARDSVILLE, IL",1.2,0.5,3.0,0.0,0.0,5.0,,,,,,,1.5,2.5,3.5,2.3
"NORMAN, OK",8.8,0.7,3.0,0.0,0.0,5.0,,,,,,,1.5,2.5,2.3,2.1
"YORBA LINDA, CA",1.2,0.2,4.0,0.0,0.0,5.0,,,,,,,2.0,2.5,,1.8
"ABERDEEN, SD",0.8,0.3,4.0,0.2,18.3,3.0,,,,,,,2.0,1.5,,1.4
"AUGUSTA, ME",3.8,2.0,1.0,0.2,105.3,1.0,,,,,,,0.5,0.5,2.3,0.9
"DULUTH, GA",4.0,1.4,2.0,0.0,0.0,5.0,,,,,,,1.0,2.5,2.1,1.8
"CHAPEL HILL, NC",1.4,0.2,4.0,0.2,3.1,4.0,,,,,,,2.0,2.0,2.5,2.1
"VIENNA, VA",0.0,0.0,5.0,0.0,0.0,5.0,,,,,,,2.5,2.5,3.0,2.6
"JONESBORO, AR",8.0,1.1,2.0,0.0,0.0,5.0,,,,,,,1.0,2.5,1.5,1.7
"SUN PRAIRIE, WI",1.2,0.4,4.0,0.0,0.0,5.0,0.0,0.0,5.0,0.5,49.5,2.0,4.5,3.5,,3.2
"MIDDLETOWN, DE",0.2,0.1,4.0,0.0,0.0,5.0,,,,,,,2.0,2.5,,1.8
"SOLDOTNA, AK",1.0,2.2,1.0,0.0,0.0,5.0,,,,,,,0.5,2.5,,1.2
"CARSON CITY, NV",2.0,0.4,4.0,0.0,0.0,5.0,,,,,,,2.0,2.5,,1.8
"SUMMERVILLE, SC",3.4,0.7,3.0,0.4,72.7,1.0,,,,,,,1.5,0.5,2.2,1.2
"CROWN POINT, IN",4.6,1.6,2.0,0.0,0.0,5.0,,,,,,,1.0,2.5,,1.4
"SANTA MONICA, CA",3.8,0.4,4.0,0.0,0.0,5.0,23.0,2.5,3.0,3.5,19.0,4.0,3.5,4.5,2.6,3.7
"PARKERSBURG, WV",3.8,1.2,2.0,0.2,71.4,1.0,,,,,,,1.0,0.5,,0.6
"VILLA PARK, IL",0.2,0.1,4.0,0.0,0.0,5.0,,,,,,,2.0,2.5,,1.8
"WARREN, PA",0.0,0.0,5.0,0.0,0.0,5.0,,,,,,,2.5,2.5,3.1,2.6
"HENDERSON, NV",11.0,0.4,4.0,0.2,7.8,4.0,,,,,,,2.0,2.0,2.6,2.1
"BLOOMINGTON, IN",8.4,1.0,2.0,0.0,0.0,5.0,,,,,,,1.0,2.5,2.6,1.9
"METAIRIE, LA",6.6,0.5,4.0,0.0,0.0,5.0,,,,,,,2.0,2.5,,1.8
"ROCKFORD, IL",15.6,1.0,2.0,0.4,22.7,3.0,,,,,,,1.0,1.5,1.9,1.4
"HALES CORNERS, WI",0.2,0.3,4.0,0.0,0.0,5.0,,,,,,,2.0,2.5,,1.8
"CLARKSVILLE, TN",18.6,1.3,2.0,0.2,45.5,2.0,,,,,,,1.0,1.0,1.6,1.1
"DANVILLE, KY",1.8,1.1,2.0,0.0,0.0,5.0,,,,,,,1.0,2.5,,1.4
"FERNDALE, MI",0.8,0.4,4.0,0.0,0.0,5.0,8.5,4.2,2.0,0.5,27.8,3.0,3.0,4.0,3.1,3.4
"DECATUR, AL",3.2,0.6,3.0,0.0,0.0,5.0,,,,,,,1.5,2.5,,1.6
"THE VILLAGES, FL",0.0,0.0,5.0,0.0,,,,,,,,,2.5,,,1.0
"SAN LUIS OBISPO, CA",1.2,0.3,4.0,0.0,0.0,5.0,,,,,,,2.0,2.5,2.6,2.3
"BOSSIER CITY, LA",5.2,0.8,3.0,0.0,0.0,5.0,,,,,,,1.5,2.5,1.7,1.9
"NARRAGANSETT, RI",0.0,0.0,5.0,0.0,0.0,5.0,,,,,,,2.5,2.5,2.8,2.6
"BUELLTON, CA",0.2,0.4,4.0,0.0,0.0,5.0,0.0,0.0,5.0,0.0,0.0,5.0,4.5,5.0,2.4,4.3
"CHEYENNE, WY",7.2,1.1,2.0,0.4,39.2,2.0,,,,,,,1.0,1.0,2.4,1.3
"ALEXANDRIA, MN",0.4,0.3,4.0,0.0,0.0,5.0,,,,,,,2.0,2.5,,1.8
"HILTON HEAD ISLAND, SC",4.8,1.2,2.0,1.4,79.5,1.0,,,,,,,1.0,0.5,,0.6
"BATAVIA, IL",1.6,0.6,3.0,0.0,0.0,5.0,,,,,,,1.5,2.5,,1.6
"WHEELING, WV",1.0,0.4,4.0,0.0,0.0,5.0,,,,,,,2.0,2.5,,1.8
"MOUNTAIN HOME, AR",1.2,1.0,2.0,0.0,0.0,5.0,,,,,,,1.0,2.5,1.9,1.8
"BURLINGAME, CA",1.2,0.4,4.0,0.0,0.0,5.0,,,,,,,2.0,2.5,,1.8
"BELLEVUE, NE",0.4,0.1,4.0,0.0,0.0,5.0,,,,,,,2.0,2.5,,1.8
"MELROSE, MA",1.0,0.4,4.0,0.0,0.0,5.0,,,,,,,2.0,2.5,2.5,2.3
"ESTERO, FL",0.0,0.0,5.0,0.0,0.0,5.0,,,,,,,2.5,2.5,,2.0
"WEST VALLEY CITY, UT",10.8,0.8,3.0,0.0,0.0,5.0,,,,,,,1.5,2.5,,1.6
"SAN ELIZARIO, TX",0.2,0.2,4.0,0.0,,,,,,,,,2.0,,2.5,1.3
"NORTH KANSAS CITY, MO",0.6,1.4,2.0,0.0,,,9.5,21.7,0.0,0.5,,,1.0,,,0.4
"VINEYARD, UT",0.0,0.0,5.0,0.0,,,,,,,,,2.5,,,1.0
"BOULDER JUNCTION, WI",0.0,0.0,5.0,0.0,,,0.0,0.0,5.0,0.0,,,5.0,,4.2,2.8
"BUCKHANNON, WV",1.6,2.9,1.0,0.0,,,,,,,,,0.5,,,0.2
"SOLVANG, CA",0.0,0.0,5.0,0.0,,,0.0,0.0,5.0,0.0,,,5.0,,2.4,2.5
"MORRISTOWN, NJ",0.4,0.2,4.0,0.0,,,,,,,,,2.0,,2.4,1.3
"MELBOURNE BEACH, FL",0.2,0.6,3.0,0.0,,,,,,,,,1.5,,2.7,1.1
"MOORESVILLE, NC",3.8,1.0,2.0,0.0,,,,,,,,,1.0,,1.9,0.8
"BARTLETT, TN",1.4,0.2,4.0,0.0,0.0,5.0,,,,,,,2.0,2.5,,1.8
"WALLED LAKE, MI",0.0,0.0,5.0,0.0,,,,,,,,,2.5,,,1.0
"PELHAM MANOR, NY",0.0,0.0,5.0,0.0,,,,,,,,,2.5,,,1.0
"LEBANON, OH",0.4,0.2,4.0,0.0,,,,,,,,,2.0,,,0.8
"CENTERVILLE, OH",0.8,0.3,4.0,0.0,,,,,,,,,2.0,,,0.8
"HORN LAKE, MS",0.8,0.3,4.0,0.0,,,,,,,,,2.0,,,0.8
"SPRINGBORO, OH",0.6,0.3,4.0,0.0,,,,,,,,,2.0,,,0.8
"MILFORD, NH",0.8,0.9,3.0,0.0,,,,,,,,,1.5,,,0.6
"CLERMONT, FL",2.0,0.6,3.0,0.2,,,,,,,,,1.5,,,0.6
"WESTLAKE VILLAGE, CA",0.8,0.9,2.0,0.0,,,,,,,,,1.0,,,0.4
"OLIVE BRANCH, MS",3.8,1.1,2.0,0.0,,,,,,,,,1.0,,,0.4
"BRIELLE, NJ",0.6,1.3,2.0,0.0,,,,,,,,,1.0,,,0.4
"TATAMY, PA",0.2,1.9,1.0,0.0,,,,,,,,,0.5,,,0.2
"FOXBOROUGH, MA",1.8,3.2,1.0,0.0,,,,,,,,,0.5,,,0.2
"HOOKSETT, NH",1.4,2.9,1.0,0.0,,,,,,,,,0.5,,,0.2
"PITTSFORD, NY",2.0,11.8,0.0,0.0,,,,,,,,,0.0,,,0.0
